Peptide.Seq	b14_27
AAFTECCQAADK	58569
AAVEQLTEEQKNEFK	40201.55
ACLDYPVTSVLPPASLCK	28513.3
ADDAGAAGGPGGPGGPGMGNR	22131.6
ADQLTEEQIAEFK	29688.4
AEAESLYQSK	235015
AEDTAVYYCAK	142934
AEDTAVYYCAR	319962
AETECQNTEYQQLLDIK	104436
AFSYTEVEECGCMGR	55351.9
AFVHEWAHLR	50174.4
AFVNCDENSR	703228
AGCVAESTAVCR	99884.5
AGLLGLLEEMR	3583.27
AGQNKPAIFMDCGFHAR	454832.95
AGVETTTPSK	44464.2
AGYIIPLQGPGLTTTESR	9071.3
AHFSISNSAEDPFIAIHAESK	35349.3
ALASYVAACQAAGVVIEDWR	40218.9
ALNSIIDVYHK	2661722
ALVFVDNHDNQR	263096
ANDDLKENIAIVER	41532.64
ANEGTVGVSAATER	15358.8
ANFQTIGLSAAAR	565952
ANICGMIQGTR	205510
APDFVFYAPR	67407.7
AQALDHSCSCCK	5401.05
AQALDHSCSCCKEEK	90642.5
AQGDPHYTTFDGR	10347.3
AQIINDAFNLASAHK	51344.46
AQVPFEQILSLPELK	8352.86
ASVTALIESVNGK	31230.7
ATMYPDVPIGQLGQTVVCDVSVGLICK	19359.94
AVSDSFGPGEWDDR	16305.9
AYGENIGYSEK	25552.7
AYGENIGYSEKDR	10972.7
AYLEEECPATLR	50568.7
CCAAADPHECYAK	16164.69
CCQTHDNCYDQAKK	4513.14
CCVTHDCCYK	29857.94
CETQNPVSAR	198538
CHSAGDGLYFLR	23291.6
CKTGSGDIENYNDATQVR	8359.57
CTCNGATHQVTCR	10435.9
CYTAVVPLVYGGETK	640497
DAEAWFNEK	394574
DCFTCSNCK	69260.6
DEGHHVAYTTR	72651.67
DEGNYLDDALVR	90789.6
DESLKVDEHLAK	3696.73
DGSFSVVITGLR	34602.1
DLCGCYSVSSVLPGCAEPWNHGK	335134
DLGIWHVPNK	367127
DLQNFLKK	137504
DLQNLMSWR	70184.8
DLTYQVVLGEYNLAVK	1361267.7
DPNCSSILQTEER	13971.3
DRPIYEEDLKK	401207.9
DSGTSFNAVPLHPNTVLR	1847382
DTILNINFQCAYPLDMK	28921.3
DVFLGMFLYEYAR	17792.21
DVMQGTDEHVVCK	66665.7
DVTVLQNTDGNNNEAWAK	23788.3
DYHIFYQILSNK	13047
DYLPLVLGPTAMR	11727.7
DYPCYVTGWGR	7434450
EDLNSPNPSPGGCYDTK	8760.23
EFGEHFEFDCK	12465.9
EFTAGFVQFR	448510
EFVAGFVQFR	65583.2
EFYSASVAEDAAK	547361
EGPEQVIPINSGDLFVHPLWNR	6113.3
EIEELYNNPQNPER	89406.5
EIPAWVPFDPAAQITK	100498
EIPTGSWQLYHVTLK	10479.3
ELQAFENIEDEIK	26506.5
ELTTEIDNNIEQISSYK	16523
EMLVIVEDR	31449
EVLLLAHNLPQNR	23623.3
EVTINPDTTCGNDWVCEHR	1615970
EWVTQASGVWFAK	88517.6
FANSEVEVK	826941
FAVLQENVAWGNGR	72486.3
FCVGLQK	172657
FGQGSGPIVLDDVR	1949800
FLENEDRR	203453
FLLDNPYTHTYSYSCSGSAITCSSK	321531
FRPSEPHFTLDGNSFYK	10210.2
FSGSGSGTDFTLTISR	24514.4
FSHSGNQLDGPITALR	1793377
FSSCGGGGGSFGAGGGFGSR	74553.7
FTCTVTHTDLPSPLK	56810.92
FVYHLSDLCK	497189
FWWENEGVFSMQQR	21211.4
GAEVAHFMNALR	6458.21
GDTFSCMVGHEALPLAFTQK	89116.3
GEDFYCVTCHETK	147077.6
GEEQFSSGPSFETISASGLNAALAHYSPTK	3020.07
GEPGPAGPQGAPGPAGEEGK	36970.3
GETFSCMVGHEALPLAFTQK	78240
GFSPKDVLVR	158895
GGSGGSYGGGGSGGGYGGGSGSR	16042.7
GGSSSGGGYGSGGGGSSSVK	5335.86
GHGAGGASILTFWDAR	153907
GLSLSALQDLCR	64248.4
GNCGDSSSMYSLEGNTVEHR	66850.2
GPYESGSGHSSGLGHQESR	6594.98
GSFTSSSNFMSIR	191009
GSGTAEVELKK	23105.8
GSLGGGFSSGGFSGGSFSR	173302
GSSSGGGYSSGSSSYGSGGR	8041.42
GSVTFHCALGPEVANVAK	34547.3
GTVAAPSVFIFPPSDEQLK	250100
GVAGGSVAVLCPYNR	39526.6
GVGGSQPPDIDK	31607.1
GWFSHNCNHR	121875.1
HETQEVLIK	361831
HFCGGALIHAR	70762.1
HICYFQIDKK	11562.8
HKVYACEVTHQGLSSPVTK	60605
HTNYTMEHIR	9583.1
HVETNSYDVQR	4369.35
HYEGSTVPEKK	9461.03
IAELLSPGSVDPLTR	269145
IAEYMNHLIDIGVAGFR	8363.91
IAFGGETDEATR	7992.17
IAFQYGITDLR	27723.2
IATLGYLPTQQDVLR	20885.5
IEFSKEQQDEFK	16834.8
IGLDLAALNMQR	33010.1
IGLDLPALNMQR	126719
IHFGTTGK	154187
IHLTPDFIAGK	357710.2
IHSEILKK	22644.3
IIDVVYNASNNELVR	39197.2
IIGTLQNSAEFSEAFHCR	30144.5
IILTWTAPGDNFDVGK	17976.3
IINEPTAAAIAYGLDKK	10624.6
IISNASCTTNCLAPLAK	260805
INGIPQQHTQVLFIAK	160676.1
IPCFLAGDTR	292530
IPEFNSIIGQR	361968
ISIGGGSCAISGGYGSR	37058.4
ISTSILDLR	327268
ITLSQVGDVLR	42841.9
ITNNMFCVGFLEGGK	170474.6
ITSNMFCVGFLEGGK	26455.3
IVVHKDWNSNQISK	73141.78
KCSVINSQTFATCHSK	8496.22
KDLQNFLK	497645
KDNDFIYHDR	14773.5
KGDTFSCMVGHEALPLAFTQK	1400583
KGETFSCMVGHEALPLAFTQK	1355673
KIAEQELLDASER	5948.3
KLAEQELIETSER	6127.38
KPAEDEWGKTPDAMK	20943.7
KPTVFTR	544254
KTLNNDIMLIK	16305.2
KTMVCAGGDIR	188852
KTMVCAGGYIR	1469802
KVPQVSTPTLVEVSR	12201.3
KVTEEDFYK	39380.9
LADFALLCLDGK	12647.9
LASALDYETLYTFK	29531
LASYLDKVR	96246.9
LAYVWNNDIYVK	26297.2
LCGACGNFDGDQTNDWHDSQEKPAMEK	11380.07
LCTSATESEVAR	12268.6
LDDFDELSEVAQK	109289
LDSELKNMQDMVEDYR	30279.5
LEDGVQACHATGCGR	75455.9
LGCNYYHKPSVFTR	190670.9
LGENNAELNALAK	1133510
LGLLGDSVDIFK	92868
LGMFNIQHCK	75800.8
LGVQDLFNSSK	68066.9
LIDDMVAQVLK	5840.56
LIQGNEYIFR	30516.2
LISWYDNEFGYSNR	38755
LLDAVDTYIPVPAR	11967.2
LLISSLSESPASVSILSQADNTSK	7202.04
LLLQQVSLPELPGEYSMK	6279.62
LLPDIYGWPVATENWEQK	50702.6
LLRDYQELMNTK	172007
LNLIITSDHGMTTVDKR	203214.92
LPAAASGGTSICSGLR	66747.3
LPVVDYKHCSR	19465.6
LQDLVDKLQAK	67351.2
LQQAALPLLSNAECK	466699.1
LQQGLQPVVDHATCSR	2677997
LQSIGTENTEENRR	30690.7
LRVDPVNFK	62459.9
LRVPAAYAGSLCGLCGNYNQDPADDLK	29711.9
LSDAGQYLCQAGDDSNSNK	15555.5
LSQNNFALGYK	19107.2
LTFDSSFSPNTGKK	21900.74
LTGAVMHYGNLK	21691.3
LTGLLDLALEK	36584.4
LTGLLDLALEKDYVR	7346.14
LVINGNPITIFQER	37134.4
LVLLGESAVGK	30438.6
LVTDTYSPVMMTK	83323.6
LYQQHGAGLFDVTR	7555.33
LYTNGPLPDK	5025060
LYTNGPLPDKLQEALLPVVDYEHCSR	71951.6
LYTNGPLPDKLQQAR	3774090
MDFSDSDLLK	34858.6
MEGDLNEMEIQLNHANR	29127.82
MEGDLNEMEIQLSHANR	4769.67
MHEGDEGPGHHHKPGLGEGTP	268217.2
MLQNVQMPSK	25283.4
MLSSFLSEDVFK	24426.61
MSETCVQVHR	9295.52
MSSSMVFTTSK	21236
NAAICFSKAPYNK	7314.73
NCGYPGISPEECASR	590049
NCQDQTFCGTGPVSEPETK	11867.7
NCYATPTEDKADLVK	452555.1
NDIGPYECEIQNPVGASR	324249
NDVGPYECGIQNK	161171
NECGILADPK	27260.3
NFPPSQDASGDLYTTSSQLTLPATQCLAGK	149631
NIETIINTFHQYSVK	144793
NKECEAFICNCDR	433426
NLIDVSLLSPEHLQYLNR	8623.35
NLVQEWLAK	489066
NMQDMVEDYR	130529
NNLEVEDEEGSLFVGVDTIHVHK	67309.7
NPQGPFATCQAVLSPSEYFR	17960.7
NQVSLTCLVK	51009.7
NSSYFVEWIPNNVK	8315.17
NTGTEAPDYLATVDVDPK	24693.1
NTVYLQMNSLR	84648.4
NVAILIPETWK	210828
NVPLPVIAELPPK	68281.8
NWGEGWGFVPSDR	430922
NWVSVTSPVQASACR	786907
QALAQISLPR	78285.4
QAVALPYKK	100369
QDAMLVDELR	27095.8
QDAMLVDELRDR	9089.65
QEPERNECFLQHK	14888.9
QEPSQGTTTFAVTSILR	1782231
QEYDESGPSIVHR	10667.7
QFSFPLSSEPFQGSYK	8765.3
QFYVFSEPPKPSITSNNFNPVENK	7578.98
QIVGYAIGTQQATPGPANSGR	161532
QLGCGWAMSAPGNAR	104261.3
QLGCGWATSAPGNAR	393983
QLHLHWSDLPYK	16942.9
QNQIAVDEIR	187571
QNQIAVDEIRER	15324.1
QNYHQDSEAAINR	61995.08
QQCLQFFYK	29070.5
QSLEASLAETEGR	181762
QSSGENCDVVVNTLGK	611318
QVGSGVTTDQVQAEAK	66096.2
RAEDGSVIDYELIDQDAR	6295.47
RCECGPGGHVTCQEGAACGPHEECR	13743.45
RFSHSGNQLDGPITALR	18594.9
RIDITLSSVK	20613.3
RKPTVFTR	14693.2
RPDNQHVILKPGDFK	597767
RSNVCTLVR	27302.9
RTVAAPSVFIFPPSDEQLK	81239.9
RVIISAPSADAPMFVMGVNHEK	19185.5
RYGTCIYQGR	10996.1
SAQLGDAVQLASLPPAGDILPNK	1746320
SAVQGPPER	2164000
SCVACGNDIALIK	10168100
SCVACGNDIALIKLSR	50880.36
SDLQRPNPQSPFCVASSLK	347894.66
SDLVNEEATGQFR	1235270
SENGLEFTSSGSANTETTK	3536.09
SETDLLDIR	41602
SGSFYHTCGGSLIAPDWVVTAGHCISR	1679092
SGTASVVCLLNNFYPR	51696
SGTSASLAISGLR	188681
SIVDFVKDHGNIK	64191.84
SKEEAEALYHSK	203738.52
SLLEGEGSSGGGGR	487702
SQVILGAHSITR	11835.1
SQYEQLAEQNR	281841
SRLPVSLSEGR	43948.9
SSEMPELTSMHTLLLR	3122.07
SSFLPEDEKR	35678.7
SSSSNFLNYDLTLR	144296
SSSYSGEYGGGGGKR	22145.97
SSVFSICHSK	187451
STHTGSSCIGTDPNR	943040.1
SYHIFYQIMSNK	29352.8
SYLEAFNSNGNNLQLK	57633.2
SYLEAFNSNGNNLQLKDPTCRPK	43181.3
SYSCQVTHEGSTVEK	1254906
SYSPYDMLESIRK	34265.3
TASGLVEATGAGFANTWK	14182.7
TATCWSLDPDLTNILASSR	14091.5
TCAQLPPCFPIK	82984.4
TCQGSCAALSGLTGCTTR	92580.1
TDGGTTDYAAPVK	12469.3
TDLEKDIISDTSGDFR	92035.5
TEDTAVYYCAR	131497
TEDTAVYYCTR	22686.2
TELKLEDK	39297.3
TELMQASLDQSVTHLMGLFEPGDTK	1503.38
TEPVPDQDELDQLSK	697776
TFLAVKPDGVQR	13427.6
TFTCTAAYPESKTPLTATLSK	6755
TFVPGCQPGEFTLGNIK	264108
TGFHFCGGSLISEDWVVTAAHCGVR	26196
TGSGDIENYNDATQVR	378984
TGSGDIENYNDATQVRDCR	6209.9
TIEAEAAHGTVTR	8039.74
TIQNDIMLLQLSR	8596.75
TKGVDEVTIVNILTNR	9335.12
TKYETDAIQR	40503
TLCSMEEAINER	27201.5
TLEQMDVVHR	64876.2
TLGSANLPLAK	68586.8
TMVCAGGDIR	2421740
TMVCAGGYIR	11964330
TNQELQEINR	316914
TPAQFDADELR	18390.9
TPAQYDASELK	83325.3
TPCYITGWGR	5897790
TPDKLQQAALPLLSNAECK	317375.2
TPLTATLSK	2137680
TPVLLHDHDER	15362.1
TQQHYYEKDPK	9171.75
TSESGELHGLTTEEEFVEGIYK	7891.63
TSIAIDTIINQK	97672.2
TSIVHLFEWR	68550.1
TSQNSELNNMQDLVEDYK	13062.8
TSQNSELNNMQDLVEDYKK	6720.03
TTLPGVVNGANNPAIR	36789.7
TTNLNTCGDSAETASTR	10661.7
TTPHKDCTPSPLCQLIK	6656.69
TVAAPSVFIFPPSDEQLK	5278462.7
TVEAEAAHGTVTR	2912.9
TVEKELTYEK	8007.96
TVHMMPMQVQVQVNR	73583.92
TVHWGTPSAFQK	159861.5
TVQIAAVVDVIR	22340
TVTAMDVVYALK	120136.7
TVTINCPFK	1741870
VASLIGVEGGHSIDSSLGVLR	40708.8
VAYDLVYYVR	454541
VDNALQSGNSQESVTEQDSK	915662
VDNDENEHQLSLR	43387.5
VEMELPGDK	34679.9
VFDGTSSNGPLLGQVCSK	348847
VFLENVIR	793474
VFVSVLDVNDNAPEFPFK	7933.78
VHTECCHGDLLECADDRADLAK	18803.32
VIEHIMEDLDTNADK	242079.1
VIISAPSADAPMFVMGVNHEK	62274.2
VLIGNIDLSR	417054
VLTQASNPVVCTQPK	11272.3
VLVENEHR	202836
VMQEEIFGPILPIVPVK	2600.99
VNGVLTALPVSVADGR	1182220
VNIGSSFENRPMNVLK	38794.3
VNTYYIVGLQVR	52454.6
VNYDEENWRK	24182.67
VPEGLEDVSK	114747
VPEGLEDVSKYPDLIAELLR	2931.36
VQGPEDALQK	33332.7
VQPVSEILQLK	26923
VQTFQGDDDHNWK	31637.03
VRVNGVLTALPVSVADGR	31865.8
VSAYIDWINEK	1124570
VSNYIDWINSVIANN	29449
VSTISLPTAPPATGTK	1253200
VTGCNTEHHCIGGGGFFPQGKPR	217180.89
VTHEGSTVEK	33548.4
VTLQPYNVAQLQSSVDLSGSK	20302.3
VVHGEDAVPYSWPWQVSLQYEK	1004790
VVLAYEPVWAIGTGK	100476
VVVCQEHSCKPGQVCQPSGGILSCVTK	72288.91
VVVNGNPFYEYGHR	62363.84
VYACEVTHQGLSSPVTK	62091.2
VYANGQHLFDFAHR	19842.8
VYDSLLALPQDLQAAR	38985.9
VYNYVDWIK	320437
WGVFDEYNNDEK	80360.9
WKDVPCEDK	662106
WLQGSQELPR	8509300
WNNTGCQALPSQDEGPSK	58129.8
WNWWGSSVK	628514
WNWWGSTVK	3133060
WNWWGSTVKK	34951.9
WVCTQAVCHGTCSIYGSGHYITFDGK	2585.24
WVGADHADDIQYVFGKPFATPTGYRPQDR	13118
YAASSYLSLTPEQWK	766394.6
YAATSQVLLPSK	54529
YACGGWLK	109388
YDLAFVVASQATK	188470
YDPTIEDSYRK	16043
YEELQQTAGR	84010.8
YEFGIFNQK	48778.2
YGFLLPESQIR	8888920
YGKVWSDYVGGR	12777.8
YGPESPERR	42059.7
YLSYTLNPDLIR	118075
YNKWETIEAWTQQVATENPALISR	13091.4
YQKEEFCGLLSSPTGPLSSCHK	162551
YQPMEPNPR	222900
YSFTFELR	32513.3
YTACLCDDNPK	86127.8
YVASYVLEHLY	59028.7
YVIIPTTFEPGHTGEFLLR	5244.08
YWCLWEGAQNGR	61227.4
YYGYTGAFR	140099
YYPLGQTFYPGPGCDSLCR	8700.95
