Peptide.Seq	b14_24
AAAAEYLDTYADGSK	10276.2
AAADLLVLAYHR	26480.6
AAANYLDIPLYR	52100.8
AACAGEVNGEVVDLR	4847.62
AADAAAAIGEGLQAFCIPGSVADQRK	11625.6
AADDAAGLAISEK	69024.1
AADDAAGLSISEK	580773
AADKPFLMPVEDVMTISGR	242896.8
AAGIENFIHVR	27083.2
AAGNNGLWEVTVALK	79451.1
AAINNGYDMDIK	16524.6
AALPAIFNPEDLNALEQALR	16169.19
AALVTMSTCAVPSGGSK	19042.1
AANGVILITTK	188397
AAVDMALWDLLGQK	4225.84
AAVESGSAAASR	99134.2
AAYEEAEHAAK	718675
ACCCSDSFSCEYTR	9188.65
ACFVLDAIR	537955
ADGVGLAAPQIGLPIR	3712.25
ADIDYGFAEADTTYGK	246367
ADLKDVDDSDLGLK	103426.9
ADLPFLMPVEDVFTITGR	6387.12
ADMTQAVLEGVAFGLR	5305.58
ADVDDIDHLSNRR	9551.83
AEAIQAAVDKVNEMLK	13145.88
AEELNILIGSDAVDDEEVKEAVK	10904.2
AEEQGFEVFTAAEAAK	87341.2
AEIGDHDENISFEQSIDHLEK	5636.53
AEIGDHDENISFEQSVDHLEK	3881.25
AEIGDHDENISYEQSIAHLEK	18523.26
AELDFVEAK	47354.5
AEVLQLELLKPK	9024.49
AFAEQLVNLTVK	806473
AFATNFNPEINIR	26907.8
AFKDNAVELEER	10325.7
AFSFSPQVLVEK	42351.1
AFYPVETLIK	10125.6
AGADLLVLAYHR	23289.35
AGHYAVGQFNINNLEWTK	272601.3
AGIIHTSIGK	47360.8
AGLSANQIGVSLR	9318.52
AGMQDSECIVAVNK	2335.75
AGSDDKYQVVK	9575.7
AHFRPEFINR	25774.6
AHLLFTDLER	46118.1
AHLNNLFFDPR	6505.19
AHPDVFNVLLQVLDDGR	30407.1
AHPDWNVKPEIMIPLVGDIK	27361.33
AHSIAAQGGINAAK	7129.42
AIAEAEAYPGPSLIIAYAPCINHGIK	48273.9
AIAEAEAYPGPSLIIAYAPCINHGIKK	10104.4
AIAMLPQFFEIADLADR	2818.42
AIASHALSIFGDHSDVYACR	17374.9
AIDSMIPIGR	184297
AIEAAGLPVVHMCTVTPISMTVGANR	1985.84
AIEIVHTLGR	12955.7
AIGIIINNPEFADVR	183646
AIGNQLTCVFVDHGLLR	7469.52
AIIDSLHEFNPMMGHR	100674.5
AILASDMLNYQIK	9850.57
AINPEAGFFGVAPGTSYK	12229.7
AIQNAYLQGVYEGLAK	19988.2
AKDDYRPFVWQR	16102.4
AKIDYNLLK	50180.3
ALAMENLEASADEQK	16928.1
ALASHALSIFGDHSDVMACR	8422.66
ALCLHIAHDCNLACR	7168.38
ALFMPNGNWVIGEMADAPR	13422.44
ALFMPNGTWIVGEMADAPR	11007.8
ALFMPNGTWIVGEMAEAPR	76827.18
ALLPVIPSESEFPYAIR	9492.04
ALNDYAPIQSGIMSTIHAYTGDQMILDGPHR	6588.55
ALQTAGLEVTLIK	17949.5
ALQYGMPPTSGIGIGIDR	19846.16
AMADAGLKPSDLGKVLLVGGSTR	8263.66
AMHPDSAGSQFFIMHK	8175.57
AMVMFDMVR	18354.1
ANDMGVICGVTTNPSLIAK	64498
ANVLIFPDIDAGNIGYK	137907
ANVLVFPDLDAGNIGYK	99695.9
APDFPTGGYIYGISGVR	27651.7
APEVTEAVR	31893.9
AQEALGMVETR	38792.5
ASADLFVLAYHR	11627.3
ASDKPFLMPVEDVFSITGR	189960.28
ASLATDSFLSAASFQETTR	15447.8
ASLATNSFLSAASFQETTK	30154.1
ASNAPELFAKPNIDGGLIGGASLK	30304
ASNIGQVAQFAAAGK	36437.2
ASVDAGAAAAANVGQVVSQHVIPRPHTDVEK	6433.9
ATGIIVTDLMYK	42901.9
ATILGHMQR	105240
ATILGHVQR	166133
ATPAPPVGPALGQHGVNIVEFTK	24547.9
ATPDFLAQVMEHAQAR	30329.1
AVADLGVDMLAAGIGNIHGK	18034.1
AVDKPFLMPVEDVFSITGR	217972.18
AVFNVDNYKEYLSLQCDSALR	8848.46
AVGESVQKPLLYYR	50653.3
AVLHTALR	116929
AVMKPTEGTILTVAR	2086.61
AYCSLGEICGVLR	34724.5
AYLVNTGWNGSGK	52851.4
AYLVNTGWNGTGK	273658
AYSMANYPAEGDR	26791
AYYHETVEILEEK	48112.8
CCYVGADAR	385534
CDTLIIGGGMAYTFLK	6059.87
CFAFLAGHESFAAAEGAIGLAR	8675.51
CFAFLAGHESFAAAEGAIK	5202.6
CHPFFTGK	23848.9
CVDTSMGLTPLEGLIMGTR	6334.29
CVDTSMGLTPLEGLVMGTR	8186.69
CVGELLQNQFR	14322.5
CVGLPGQTLQIK	9728.52
CVYISGLPYSFENSR	6031.54
DAFGSHDDSDHVYNTPR	8668.51
DAILTEAPADHSMHDEFDTPK	3833.7
DALNREESCGGHFR	21937.4
DAPSQEALDALK	28622.8
DATSENTVWWTSEEYK	6260.13
DCDILIFDEPTR	34860.7
DCNDLEVGNSAYNVPHR	6860.6
DEEHQNVLLFIDNIFR	1714.5
DFTSYSFKPQLK	4165.5
DIDKPFLMPVEDVFSITGR	12484.1
DIDNPFLMPVEDVFSITGR	104390
DILIIGDLPIYVSR	5664.6
DISFMEDLTHIFR	27591.47
DISGFTHGIGWCAPQQGCCK	11579.5
DISGFTHGIGWCAPQQGTCK	12256
DISGLTHGIGWCAPQQGACK	116982.82
DISGLTHGVGWCAPQQGACK	118137
DISGLTHGVGWCAPQQGTCK	116199.52
DIYRPAAWNAFGMDK	7718.46
DKDAIIGSMLICEMAAYYR	2176.48
DKDSVPYR	51273.2
DKVVAAEVENVK	16308.2
DKYIVMDENSK	37319.42
DLGCNALWINPCFDSPFK	8318.29
DLLIRPIITEK	7993.58
DLSFLDAYPIESITVLK	40655.8
DMAGLLLPYK	7834.35
DMQDMEFTVEHGK	121287.14
DNGFNVIVGQRPGK	18192.1
DNHIGAAGSVTK	7626.26
DPFSLIPVVLGHEGTGEIVK	14443
DQFAEAGIDKEFVQDNQSR	25539
DRVDDALHATR	10515
DSAHIQEFEAEWR	21431.79
DSEPTTSILTITSNVVYGK	113632
DSLLLEFVQTATK	2886.46
DTDKPFLMPVEDVFSITGR	146977
DTDKPFLMPVEDVFTITGR	8836.63
DVLLFPTMK	27220.8
DVMILLDSITR	9934.28
DVPFETFLANIPACR	19088.8
DVPGVGDDALKDLDER	39018.9
DWAGGSWVEDDKPK	70943.2
DWAVNNEHSAK	15819.2
DWFQTLPDFNAYVVR	16628.5
DYATTFDFLKR	66332.1
DYIHVVDLAIGHLK	2361.62
DYIHVVDLALGHVK	15001.4
DYYVGDDGQLVR	35950.4
EATKDEVNAIYQK	23002.3
EAWDALTDAQK	35098.2
EDDSIEIINIHGK	3212.85
EDMTSQIATLQAALTTAAK	60611.3
EEQDALTEVVLK	3737.18
EFEPDGPNYTPR	54776.2
EFEPYEVVATTYQAISGAGK	48288.3
EFFGSSPLSQFMDQNNPLAELTHK	5019.96
EFFGSSPLSQFMDQTNPLAELTHK	2480.89
EFFGSSQLSQFMDQNNPLGELTHK	12340.9
EFGGSDTCATAIIISTALKK	2442.75
EFGISIPDDQAEK	24792.9
EFIIFVGPSGCGK	94391.3
EGDGLSCASIMADINPK	5679.47
EGEIFGLYGLVGAGR	20469.3
EGINFPFPQLTVHQA	12956
EGLDVLEYFISAHGAR	7952.07
EGLDVLEYFMSAHGAR	34312.4
EGYPEIAEAYK	352169
EGYPEVAEAYK	26216.9
EHPLIAEELMMPILGVVR	4728.99
EHYEKPSVK	4057.96
EHYEKPSVR	8839.65
EIDFLGNAVNNPERPFVAILGGAK	84095.9
EIDFLGNAVNNPERPMVAILGGAK	4511.44
EIGHGALAER	99295.4
EIGYLFGQYK	310451
EIKDISGLTHGVGWCAPQQGACK	9957.89
EIQIFHTILTTADNK	6832.21
EKHTTKPLMGHFK	21996.93
ELGDKLPADK	18786.9
ELGHGALAEK	37343.9
ELNNLQVGQANVILQVMDKK	4410.27
ELSSATTTNINLPFITATAEGPK	78882.6
EMIAMLLAGGQGSR	19293.9
EMIFTCDNVDAAEAYR	9469.94
EMIWVGGGAGMAPLR	52594.5
EMMWIGGGAGMAPLR	21639.6
EMSLDDVVTYIATAVANR	8559.12
EMTGAGMMDCKK	2067.48
ENGDELSPGVNQSVR	29947.7
ENPDIVKENIK	5889.52
EPDKSVLDSYADK	19955.5
EPIVFDHDCR	9465.27
EQHAEDKFYDVLEEVPR	14854.7
ESELLGLLCAHANEILQR	24534
ESEPGIGFDALNER	62040.1
ETALGMPYVPEHAAALFSCR	13518
ETDKPFLMPVEDVFSITGR	155735
ETDTMPQWAGSSWYFLR	4996.71
ETIANTLVPVVCGSSYK	57547.2
EVFESLEPVVEKHPEYEK	7571.57
EVGFMFGMYK	41816.5
EVIPEFLMVLK	37823.9
EVLKNETIAVIGYGIQGPGQACNLR	11488.9
EVTKEVEVAGPR	17526.4
EWECEVISNK	78309.5
EYGVTAGFGLPVPR	19273.6
EYTPQQVSAMILQK	23134.2
EYYVGEDGQLVR	39847.4
FAALVVVGDGK	70256
FAALVVVGDR	31074.7
FAAQHHFFGYEGR	24604
FADNDLMGFPYQVVLGK	4270.61
FAELLGEVLTDSTKK	23917.2
FAELLGEVVTDSTKK	1110808.6
FCQAFMTELYR	101045.8
FCQSFMTELCK	37434.8
FCQSFMTELYR	160216.3
FDELTHDLVEK	11467.9
FENADEYNLADEIK	10919.3
FENAEEYTLAQEIK	17999.3
FENASEYSVKDEIK	14615.62
FESLRPTPELSFAVR	9545.7
FETNVGAGLPIIGTINDLR	5746.97
FGALDVEENWDDEARR	6481.82
FGAPLITNDGVTIAK	80874.6
FGDKENPLLVSVR	199565
FGDLENPLLVSVR	58295.3
FGDQMNNVAVTDGDKVEAEQR	20537.7
FGFIGQDELLAVAR	8435.56
FGLADAGNIYGR	73607.6
FGQPEVGLGITPGFGGTQR	28575
FGSPLITNDGVTIAK	54297.4
FGTLVGVDRPAAK	114740
FIFNEIIPQDLGFVDR	19568.7
FIFNEILPQDLGYVDR	8726.55
FIGGHGTTIGGVIIDGGK	13418.03
FIQMFSDVVMEVGK	15034.9
FIQMYSDVVMEVGKK	51086.7
FLCPVPGYDR	188115
FLDEDPWER	200879
FLHTLKNMGPSPEPNLTVLYSSR	106246.3
FLNAYYDAK	187171
FLNFFEER	7676.81
FLNNVLQAELEPIR	12367.7
FLPYFFPDTFHEGGDPVK	13662.35
FLPYFFPDTFHEGGDPVKEAK	4378.84
FMDAFQFIK	6740.5
FNEIYLLK	125261
FNQFGGSQATYNWELK	46531.8
FPEAFVQFK	77565.8
FQHPVAGTYKK	376397
FQPDWIVAIGGGSPIDAAK	113607.2
FTASVNLAPSFFDDHLK	17152.2
FTATQDYNGNNDSNR	2386.74
FTDKTDLVYFGNLK	9951
FTGEIYVLTK	170103
FTKEDSGTAEAPVK	2103.41
FTQAGSEVSALLGR	262773
FTSAELIEHWKK	5187.14
FVDKWDTPILCIHGEK	3798.99
FVDPSTGFISSK	21077
FVGMLTDSR	33467.6
FVIGGPHGDSGLTGR	13590.8
FVIHYDIPK	5902.23
FVKDVVVK	83743
FVNHLMYDGK	5608.99
FVNHLMYDGKK	7523.59
FVQAGSEVSALMGR	13185.5
FVSPVSGVVTSVER	249799
FWGLGGDGTVGANK	268344
FWGLGSDGTVGANK	28765.3
FYAEEEGKPR	54490.4
FYTTVGNGTAVASAK	10714.4
GADATIAVLNVSLK	9353.91
GAMVYQSPMSIIDLK	10983.6
GAVPTQSILTITSNVEYGK	150026.9
GDADFMDYANIDKAPEER	12974.2
GDPMPTPGIPESLNVLLHELR	2784.39
GEILGFSGLMGAGR	19957
GELEITDINR	114068
GETVWTIDPQAVIFIGR	15304.4
GEVVWTVNPADVIVIGR	11691.8
GFEFGDHYDK	25226.8
GFIGPVNLPEGIR	15392.8
GFMDASPVLLEPIVSMK	13270.23
GFQGAIKR	34919.2
GFVFPAGEIYGGTR	72215.1
GFYDGLIFHR	44728.81
GGDGGEYGATTGRPR	12202.6
GGHSGLEINEGR	23939.2
GGTAALNAEVSPFGVKPDGVTWK	16148.7
GHCVISDMFHLEAIK	11969.03
GHETYGEDPYLTSR	1445.17
GHPVLLNR	85028.3
GIEAQDVNIFSLIQR	4064.69
GIEIVSLGVSGVK	13035.5
GIFSNEAGLGSAPIAAAAAQTK	11824
GIIDAILDGSIDKAPTK	335343
GIPEILSPELLK	61735.6
GITEPTPTFSACFGQAFLELHPTK	304368
GKGDPAGWVAPVTPGR	5272.91
GKGVSFMENQVGWHGK	8271.05
GLFEALEGNPVTIR	60898.6
GLGTAIISTSK	246893
GLHVGHPLGYLATDVVSR	18113
GLMTTVHAATATQK	3235.5
GLTAATGMDALTHAIEGYITK	88934.9
GLTYGGSLIR	55850.5
GMDIIFVTTAK	111574
GMDIVFVTTAK	38152.9
GMGECCVSGCGDIAMDEENKK	5184.49
GMGTCCVSGCGDIAMDEENKK	4044.62
GMGTCCVSGCGDITMDEANKK	1788.98
GMGTCCVSGCGDIVMDEENKK	5278.44
GMQFLDLIQEGNLGLIK	2676.97
GNIDAALDIHAATHAFNDVQDFIK	54210
GPLTTPVGGGIR	17302.5
GPNHGPAPIPEEGK	43788.6
GPYSPVPLGDYMSGSNHVLPTGGTAR	4773.49
GQNILGYRPYADDVVEYFVQK	99075.1
GQNSPVDYFNKYPGR	20032.1
GQTYFFDEEGK	74801.7
GQVLAKPGSITPHTK	3242.89
GQVLAKPGSVHPHTK	130278.87
GQVLAKPGTINPHTK	948.537
GQVLAKPGTVHPHTK	41625.7
GQVLCKPGSVTPHTK	240848.8
GQVLIKPGSVTCHK	66559.59
GQVSELGAVNVMTGIYTGR	117278.7
GQVTELGAVNVMTGIYTGR	54774.11
GQVTELGAVNVMTGVYTGR	64530.2
GSILIDGMPTAGKK	6485.21
GSLEEQTMNMAK	15283.5
GSVMNPCDHPHGGGEGR	19813.44
GSVMNPNDHPHGGGEGK	124889.32
GSVMNPNDHPHGGGEGR	81250.56
GTAHVGDQMEIVGIKEEK	36397.04
GTLHVNDPLEIIGIK	14720.5
GTMILNPSVTGLDFSYSK	5908.95
GTNVAVGAENMYYEEK	9287.82
GTNVQVGAENMYFEEK	11793.55
GTPCLVAVEQDETGK	166942
GTQAALLSEHYGIPAISTGDIFR	3704.77
GTVMNPCDHPHGGGEGR	24193.79
GTVMNPVDHPHGGGEGK	4684.16
GVLHVNDPLEIVGIK	17122.2
GVLILPTLEEAKK	14716.43
GVNNPLSLVNPNDIESFTVLK	4103.17
GVNPDEVVAVGASIQGAILNK	8670.16
GVTPPIDVLPSLSR	26424.5
GYGITLGNSLR	123461
GYSVLEVLHAFEK	866.652
GYTAWDPTSYAFIK	55964.5
GYTAWDPTSYAFVK	13912.9
HADVDKVVEATK	42592.68
HDSVEVPASK	53185.7
HETVDVPASK	54740.9
HETVDVPASNMK	12804.2
HGCGFDGLLK	14523.1
HGFCGACATIYR	4729.81
HGLVCLLHEKPFAGVNGSGK	33640.5
HIGLYAYR	21525.9
HITVNYMMAK	13635
HLAMMPHLER	34432.6
HLGCQSGIILTASHNPK	12162.7
HMDAFQFIK	13801.6
HMIMSGEYDK	13496.1
HNFNAGPSILPR	27258.2
HPLTDQGIEK	32536.6
HPNTIALEEVER	10381.9
HTASHVLAQAVK	10788
HTVEAGEDYIVVDGK	7308.75
HTVEAGEDYIVVDGKK	59439.8
HVSPAGAAIGLPLSETLAK	26740.8
HYAHVDCPGHADYVK	389414.89
IACDLVDEGHK	15243.83
IACDLVDEGMR	7127.34
IAEFGTVFR	36110
IAELKQELFNLR	6789.36
IAFEEAEHAAK	112677.8
IAGDDFDEALVR	50530.5
IAGEQLPAVFNVSAR	94423.4
IAGEQLPGVFNVSAR	198124.49
IALGYTLDEIPNAITGK	8491.08
IALLHYVDGEKR	7479.7
IALLYYADGEKR	30431.2
IALTDKDGYFTLK	4621.97
IASELYLKR	4448.09
IATELYLKR	9293.67
IATPPFKPDR	15756.4
ICHHMDWLGIR	19701.8
IDAVPYIWK	27501
IDEEQVQLMK	8520.69
IDGVLHEFSSIPGVK	26562.7
IDILVNNAGITR	76532.1
IDMSEYMEK	10220.8
IEEAALTGESVPVEK	10665
IFEETAANEKEHAK	23096.406
IFEETANNEKEHAK	8965.9
IFENDPFAKLDQIGVGK	6322.84
IFENDPFAKLDQVGVGK	16186.8
IFESGVAYFK	17921.2
IFETGPVFR	53893.9
IFIVAETPEDVLTLVK	109637.76
IFNDLQHTITGWPGGKPNADDTYRPER	12279.2
IFQIFEGTNEVQR	39578.6
IFSVEFLPGQFDQR	52161.34
IGADFLYSVSTLHDR	9562.37
IGAFLDWGLEK	10990.7
IGEDFPSDPK	21323
IGEDFPTDPK	59570.3
IGENKHTVEAGEDYIVVDGK	2057.28
IGEVHDGAATMDWMEQEQER	5834.73
IGGATFQVPTEIRPDR	16180.2
IGGQAMDAMAR	9571.58
IGLDYVSCSPFR	513254
IGLMLDLSPR	12185.5
IGMTSVFSADGK	48526.8
IGVGAENCADK	13414
IGVMFGNPETTTGGNALK	5748.79
IHIVGGGSNAGYLNELTAK	9031.23
IHNELGWLPETK	24628
IHPNMVVK	33099.1
IHVVGGGSNAGYLNELTAK	12561.2
IIDYSLLSHVETPGLGSK	18781.44
IIFLENYDMQLAR	37165.7
IIGDHTDKYVQAYFQYDSK	115562.8
IIGIDLGTTNSCVAVMEGGKPTVIANQEGAR	1360.86
IIGMGGALDSSR	227374
IITGLPDTYGR	296491
IIVTEIPYMVNK	13625.8
IKVPESVMGVK	14978.8
ILAMNESGKK	18467.7
ILDLDKLLDR	30013.32
ILGMGDIVSLVER	4874.93
ILGMGDVVSLVEK	5150.68
ILIEPCAVLIHAVER	18884.6
ILIEPCAVLVHAVER	57603
ILMSQHIGAPAK	9584.94
ILNNVWNYDYFGDAR	4528.46
ILQMHANDRK	26498.37
ILVCSGTGCIATGSNK	4379.55
ILVVDDESR	29157.1
IMVNAHEATRPTGICR	3698.85
INGFTYVQTK	41332.4
INIGLTFNER	33604.9
INPLIGNAGVSAVPDSAR	62224.8
IPAVYDAVKK	96317.2
IPEDVAFADSR	71583.6
IPEGPIAEK	193221
IPEIVECHFTTGPYTMLTK	12812.7
IPFVTAAMDTVTEAK	65530.9
IPVEFTYDWGVIQK	34644.68
IQDKEGIPPDQQR	40609.3
IQEGINALAGYAEIFQR	47859.4
IQGLVFGTSTPEQK	26525
IQHGSAWWFNDHK	140670.5
IQNAGTEVVEAK	12699.5
IQVFEGTVLK	97557.5
IQYGGSVKPATLK	1447.56
IRDTDMAEEMVNYSK	135606.56
ISCFDVILNNEVTKK	5186.08
ISEVIDETQVVEGDLR	8398.79
ISGVNAVQTSGQPGSAVAVSVR	6693.18
ISVINNLLDK	20982.8
ITDIDETAPDVEWQR	21247.6
ITDMDLPLIPR	34559.6
ITEAVGKSTNPANYLLAQK	11352
ITFLDTPGHEAFTAMR	12335.5
ITIYAIKDAK	7442.81
ITSIYEGTTQLQTVAAIR	9480.75
IVGSMGPIAPNR	17414.2
IVGVDLPQNKR	9722.93
IVINMGVGEAK	102609
IVINQGLGMAVADK	13943.5
IVINQGLGMAVADKK	16583.43
IVMEDPDGNKIEGPEFK	5671.6
IVPTIAIPHPLGNPALEKDEEYALR	16045.8
IVTIGGGSSYTPELMEGFIK	17051.1
IYHISQAIYGGGQPSGEAHAR	7507.22
IYNLDFPDVIALR	4147.05
IYTNCEDMPK	22811.1
KADLPFLMPVEDVFTITGR	38233.9
KAFSLAIDR	45818.4
KAGEPLSPGANPSYGAEQNGLLASLNSVAK	9099.79
KAISLGVSK	63656.5
KATGLPAATSFK	11391.3
KDFEQDFR	17486.3
KDFVENYIFPTLK	18416.41
KELSSATTTNINLPFITATAEGPK	11660
KFGDLENPLLVSVR	29926.3
KGELTVEQGK	6544.27
KGIITGVHSAK	5138.93
KGNLSIDSENIFPIIK	3934.72
KGTVLTQMSK	19548.7
KHVPVYVTEDMVGHK	41038.1
KIDEMGGAVEAIDK	7819.45
KIEDISGFTHGVGWCAPQQGACK	121758.1
KIGMTSVFSADGK	22200.73
KIPDAIFIVDPK	22642.5
KISEYGLQLR	20361.9
KITDMDLPLIPR	17249.91
KITFLDTPGHEAFTAMR	9623.96
KKPENPEYVER	14940.4
KLEMLPIECIVR	67989.7
KLGAEMDLFSFPDEIGPGLAVFHPK	5608.17
KLPGQMGHVTR	19607.14
KNIVAGNWK	22993.7
KQYDFER	41180.1
KSGGVTISHLR	27175.9
KSIAQILLDEGYIK	7407.31
KSLEEAGAEVELK	10110.6
KSLEFAQAGDNIGALLR	18007.2
KSPIQDDYIEK	7397.71
KTGGVTISHLR	518072
KTSTTTEIEFNDEHSPAVK	4552.68
KVGLGHGNLGK	120173
KVVISAPAGNDLPTIVYNVNHETLTK	4719.11
KVVVTGIEMFR	6304.78
KYAFDDEGR	80062.9
KYFSVASGGGTGR	43698.4
KYGAPLITNDGVTIAK	13914.6
LAACNVANAQQCVPVSMTGR	9352.1
LAAEGVVDGYPDGTYGGDK	55020.3
LAAIVTHVADAR	15256.2
LAAVHAIADLAK	2973.83
LACIDCVTDALTKR	9215.37
LAEELAEVLGGVVGGSR	5297.5
LAEGADVSDYK	54012.3
LAIVERPVTAVK	2865.81
LATKEDMTSQIATLQAALTTAAK	27508.6
LATLFYEPSTR	53222.2
LAVTYPEIAAMQTR	144378
LDCLLCLGGNGTHK	11702.9
LDKTNIIHCPIGK	29177.3
LEELSGLSAEEAK	12427.1
LEEMPGEEGYPAYLGSR	4569.45
LEHTIANLDNVSENTSSAESR	49093.7
LEHTIDNLDNISENTSSAESR	161085
LEHTINNLDTTSENTQSAESR	1713.49
LETSPEDITGMK	97894.5
LFADEYPIQAVVNKQDLLDAISR	3097.75
LFFTPNEQLQDKK	22573.7
LFNDGLGFR	72364.2
LGAMALFGEK	13578.7
LGAYYTTPYYK	27979.6
LGCGNSILIK	16791.2
LGELVATHVIPRPHTDVEK	196990.6
LGFLPGDLSQK	36382.4
LGGDDFDKR	38614.8
LGHIMWEYVGMGR	38159.72
LGIQAFEPILVEGK	103982
LGIWVAHGEGK	59330.7
LGLVPYGEICGQK	12601.5
LGMGYGLFELK	7561.73
LGTGEAVAFENIDKAPEER	12053.4
LGWGQTGNSNIGGYK	5680.49
LHANGVAIQLPIGQEDTFR	40495
LHAQDGVDFVTLHCGITR	17281.3
LHEIFTK	124274
LHHLVDDK	31215.4
LHMAATCLHYGQEAFEGLK	5377.1
LHQFDKVEIVR	27555.1
LIEHINTHPEFIQPVSR	14953.7
LINNIMLDGK	112787
LIVGGFEGVYEIGK	16047.6
LIVNSDSTLVTYQHFK	2143.73
LKAHDENNECNIGDTVK	7002.12
LKNIISGGVVEK	13293.3
LLDEAQAGDNIGALLR	1379620
LLDFAFNTPADPLR	20390.6
LLDQAIAGDNIGVLLR	8654.03
LLELGAPDIIVR	302328
LLFDDIPYLK	6049.56
LLYAYGEATVPK	96021.8
LMPGTPMVAVFDTAFHQTMPEK	4559.78
LMSELPFMATENIMMDAVK	3240.12
LMTGSQLNCGFANITTDTK	18027.74
LMVTGGVEPTQENLTSWIK	20290.3
LNEDQQMIHDLAK	13032.87
LNEPVEIVGIKPTQTSVATGIEMFR	4187.34
LNIPLMSAGMDTVTEHR	28222
LNKVEEVMNAVYAK	25484.6
LNPSVENQWYLINQR	12535.8
LNSAIAQAYYAK	11119.3
LNTHIGIGIPWDLDR	31741.2
LNTMILLNEK	42959.5
LPNPFMPDAPQR	44251.6
LQSFIINHAEK	65240.3
LREDTQYDYK	9203.07
LRLEDALAATR	25250.1
LSAMVPLSEMFGYATNLR	5343.19
LSDSFETAAAILKK	1965.31
LSFFWNAHNNVLEEVAK	138337
LSQMQNTQFQLADMHTR	31859.7
LSWTSEEVDAK	29199.7
LTDNFGFTGDFTYIVQHPK	17281.1
LTDTFMGFHCGNTPSCK	2748.88
LTGHLGDTADVSAFYLKPTHK	6493.53
LTLTGNLGDVMK	21554.3
LTVAGMGDALATYFEAR	13718.8
LTYQPEGGEK	25672
LTYQPEGGEKEK	6937.46
LVDVSQHMIVR	10008.9
LVEDGIVDGWDDPR	19736.9
LVHVSTDYVFSGR	33619.9
LVNIDTYLAEVTK	48638.3
LVNQGMIQGR	28833.9
LVNQIMYDGKK	2436.55
LVSGVDIWLNTPTRPLEASGTSGEK	4749.18
LVSGVDIWMNTPTRPLEASGTSGEK	9197.65
LYDTLTGIQMGR	65365.1
LYLGNLDSLR	26969.7
LYLSPQCGFASCEIGNK	12420.1
LYTNCTAAVLR	23837
LYVDTLNMIHYMHDK	39197.42
LYVVDAFCGANK	132778
LYVVDAFCGANKDTR	33062.8
MAALSEIQWTMPEKK	29422.1
MAEMTLAAAYYTTNSAR	3066.59
MAEQACTTYGYQPSEK	4529.33
MALNDKNEIIAFEFLNLGK	3267.86
MDDVVFEEFK	9633.85
MDEVIFEEFK	8769.91
MDKNISFTLK	51756
MDVIGNNIANVNTVAFK	37981.6
MEAVIDDPFILITDKK	22341.4
MFSGEALFQNR	10592.5
MFYSIYDNGAK	71685.3
MGIDELSVSPTFVLPIR	3070.9
MGWFDCVASK	22284.3
MIADLGIDFLAAGIGNIHGK	28644.3
MIVQHNITAMNANR	49239.1
MLVSATEMLK	107635
MLVSATEMLKK	63039.66
MNAYVASVIDYVK	9226.79
MNELATQAANGTNSK	17324.21
MNELAVQASNGTNSESDR	3115.61
MNELAVQGANDTNQSIDR	21950.61
MNKYELALVVNAK	2554.91
MPDLNAASIEAAMSMIAGTAR	7003.98
MQAVINLYSALGGGRE	8462.74
MQITDTIADLLTR	64529.9
MQYSQEVENMCPVAK	1465.7
MVAVLEEPLILITDKK	2959.88
MVGEIEKHHEER	50632.6
MVVQHNLQAMNANR	13570.8
NAIADACTGSNPR	197438
NAIGDACTGSNPR	14414.9
NAIIIAPHPK	32924.5
NALTTLPMGGGK	181176
NARATLSILTITSNVVYGK	46086.8
NCGHIVVGEK	6260.95
NEASEDSVWWTSDEYK	8481.38
NEITPGNFIFR	91758
NFKDVVIVPSK	11550.5
NGADQMVFQTEK	4806.33
NGIIISPHPR	180676
NGLVTTIAWGLDGK	16700.5
NGSAMLFVSSK	55926
NHSATHLLQK	6695.19
NHYAAEYIYNAYK	49142.6
NIIPPAAIQEAMEK	7582.83
NINLVADMLK	27634.4
NIQLGYTLPK	72962.4
NITASNVAQVYAVAQK	6713.15
NKAELHQLFFDLR	5555.59
NLAIIVESAAVNHR	13280.8
NLDINNFQLEAIGAGAYVTK	11309.5
NLDTLLHPQFDAAALK	77112
NLPQVHTIVR	22954.5
NMITGAAQMDGAILVIAATDGPMAQTR	24056
NMITGAAQMDGAILVVAATDGVMAQTK	68276.09
NMITGAAQMDGAILVVAATDGVMAQTR	3752.23
NNDETIATLYER	7942.44
NNGIGTIADVVINHR	4472.22
NSIAQIAPHYTMK	12336.7
NSIATIAPHYTMK	15059.55
NSLTGLPIGGGK	794974
NSLTTLPIGGGK	371915
NSLTTLPMGGGK	179038
NSSFDYLAMQFR	14358.3
NTLDLAGVVMLHK	3004.2
NTPYAAQMAAEDCAK	3669.94
NVGEIENASGVGTVGNAK	12123.3
NVVDNLFLGR	64465.3
NVVLLGHGGAGK	92139.2
NYQNDGDSIYR	24538.8
PTFNQLVR	448849
PTINQIVR	182527
QADEYKVPR	28918
QAIDGDTAQVGPQIAEK	86124.5
QAIDGDTAQVGPQTAER	7993.31
QAIDGDTAQVGPQVAEK	3919.43
QAIQDEIDQLTTEIDR	55607.5
QALFEFGGPELNVIMAK	7592.2
QILDFNGSGLSLMEISHR	5592.96
QINDEIMAQIMEAITK	8758.76
QKHNVIMTPNTYLYFDYYQAK	4472.23
QLEALGFGNCPICVAK	49863.1
QLFGESEGKDNK	24943.2
QLGISPDALVLR	31264
QLTCVFVDHGLLR	35065.5
QNVVLATIEGLR	60246.7
QNYSYAGVIEALSGAPFDVR	2120.98
QPFPGPGLGVR	35977.6
QSVNEPLQTGLKAIDAMVPIGR	7868.83
QVATSVAVNDEDVAAFK	8745.06
QVGDSVDAADKSAVEADIAAVK	17608.6
QVNIPSYLVK	127694
QWWDITEEDQK	22296.8
QYFGETDETVNAK	15975.7
QYFGETDETVNKR	23738.35
REDGTYIR	15009.2
RGVDTYWLDKPLR	3857.02
RIDQINAALAK	62983.3
RIPVQYAK	15348
RLDMMNLR	17330.5
RLIVGGLER	19823.5
RLLELGAPDIIVR	57953.3
RLPDAIFVVDPK	58700
RSEAELPAR	11430.7
RTFAIISHPDAGK	16290.9
RVGGATFQVPTEIRPDR	10517.7
RVVLTANAQK	9130.16
RYAFEEAEHASK	12826.8
SAAELNEELVAAK	81023.6
SAGVAGVIRPSK	25605.3
SAILNIAHSGK	6360.33
SALEIWKK	12273.8
SALQNATSVASTLLTTESAVAIIK	4195.4
SANAPGSVDAATK	6630.51
SANVLIQNDGTMIPDGDEK	3330.83
SAQTQSNEPAEPSFR	8021.88
SAWDYGPLGVALK	27732.6
SDFPNQINNVLAFPGIFR	21223.2
SDIEIAQECTMEPITK	20768.89
SDMPNQVNNSSVFPGLFR	7273.59
SDYCQVCGYDGEIK	9098.87
SDYPNQINNVIGFPYIFR	14972.2
SEAELPARAEEVHHAK	5114.29
SEHGFDTNIGDR	5069.4
SGAPRPGFEGGQMPLYR	76103.07
SGATRPGFEGGQMPLYR	26196
SGAVDIVIVDSVAALVPK	8816.96
SGAVELSKEDVAK	35071.2
SGDVYVPDDSKETGIGATR	68318.58
SGGGVRPGFEGGQMPLFR	4221.52
SGGSIRPGFEGGQMPLQR	11204.4
SGLLGISGVSSDKR	55395.2
SGRPGPVVLDFAK	5699.47
SGYVGNIIPR	78272.8
SIFALDGTTIVK	11250
SIIWSSHDEEDLHK	8376.32
SKPHVNIGTIGHVDHGK	169365
SLDEGQAVTYDLTEGAR	14196
SLDEVEAIGHR	14168.7
SLETVIEQHPEYEK	5165.67
SLGLDPIYLGIDKK	31927.1
SLGLDPVYLGIDKK	5996.56
SLGSNTPINIVR	40584.5
SLGVFHLDGIAPAPR	36741.3
SLIHNMVVGVSEGYTK	29269.54
SMLEQILSDIYK	7414
SMSDVDPEEIESITVLK	4860.21
SNGVPEEYITGDKPDR	63980.4
SNGVPEEYITGDKPDRER	11065.5
SNLFQGSWNFER	22992.2
SNNHMYAQIIDDTVGNTLVSASTLQK	10627.3
SNPLGLAEFTLSR	26912.6
SNSPALQYGLNTLK	7878.51
SPEDMHWR	7232.06
SPVILQVSK	318177
SPYYINQADFVACHNPAYIHMGMK	32407.48
SQDGAAMSFGR	39841.5
SQIAHGETVR	23396.2
SQVGTLYGTLAK	302014
SQVGTMYGTLKK	24743.85
SRDEEIDYAEAHNIPLK	10450.8
STAVMSTGSIDDGVTGK	4195.72
STGPYSLVTQQPLGGK	102165
STLAYTLAGHPK	19488.3
STSFTNPYWWAEHNEYLQHTNR	36475.5
STTLAAMIDHVNLHK	5616.02
SVAHITGGGFYENIPR	34785.7
SVGELLQNQFR	107659
SVNMINSLQGK	73799.1
SVSQQAIMEER	14000.1
SVYISGLPYSFENSR	19281.5
SWIIGLQEYR	137187
SYDHNLVDK	27181.1
SYTPQEISAMILQK	30667.14
TAATVQENAEDIYAEAKQINEDR	9276.18
TADKGDLIIPVVITVYADR	57848.09
TAESGVVVDAGTWENNER	6079.72
TAGQGFGSAGQYMDVLLK	5308.27
TAIALDTILNQK	36839.2
TAMEAVYGLLGVDR	65254.2
TANLAGAHGVIIPK	1655.88
TANLLREEGLNIIHLPK	12625.1
TATSDQAQEVCGAIR	100491
TAVQSGSIDEIK	19758
TCEETQPICFENAK	37839.5
TDEEGYALLK	19257.4
TDGAMDAGNLLKPMLAR	9090.56
TDQVDDPELLELVEMEIR	41617.52
TEFDVELTEVGPNK	19594.1
TEHMFFAEDR	309337.3
TEHMFFDPER	200148.6
TEHMFFEADR	22758.7
TEHMFFEGDR	44522
TEHMFFEGNR	53208.3
TEHMFFGEGR	34162.4
TELDLVEGMQFDR	29103.3
TELLETIFGVR	9545.72
TESMHGAGSPQAQR	12365.8
TETPVVSNNSAHR	54260.6
TEVNHPASGITSFTYDALGNVLTK	4176.59
TFGCGAAIATSSIATEMIK	5268.44
TFGSGNSDYGYTTAVGLFK	16144.3
TFQGVTEDAK	101832
TGEISIHAEK	8598.41
TGEYFDSPVTIGFMHYLK	5583.11
TGGVTISHLR	11048.8
TGLVIDAYFSGTK	33911.6
THYYGGIR	145020
TIAIIGYGSQGHAHALNLK	145390.11
TIGVGLQSFCIPGSVADDR	15553.3
TIHIQHDVMNPRPYSR	11532.2
TIIASLHEFNPMMGHR	10494
TIINSLHEFNPMMGHR	15837.5
TIIVVSSEMPEILGITNR	22652.13
TILEALNTDLVCDAINTAMR	111629.1
TIPYFDFVVPTELPGVDPK	85528.69
TIPYFNFVVPTELPGVDPK	103452.6
TKPHCNIGTIGHVDHGK	91730.6
TKPHVNIGTIGHVDHGK	199733
TLDISAISFHK	24198.48
TLECCSGDLADLK	46442.5
TLEDHYR	79445.9
TLLEALNTDLVCDAINVAMR	73336.9
TLSIIKPDAVAK	3008.49
TLTFESWLTPDAVGR	31002.6
TMFAFENWHSALEMK	24927.01
TMGSGTLDVFATPALVALAEK	3818.48
TMHTELDLVEGMQFDR	3430.08
TMKTELDLVEGMQFDR	6154.53
TNDVAGDGTTTATLLAQAIIR	24830.4
TNNVDAAAYLGTVIAK	18951.8
TNTFQAVFR	35308.8
TNTINVYDILK	50375.1
TPCLLTALQELAEPR	4661.85
TPLIISGQSGK	53752.8
TPMHISEMEQK	9042.92
TPPAAVLLK	328137
TPPELAADISDR	21671.5
TPSSFLGSCR	37250.5
TQDAIVSYGER	22126.8
TQELLYFIR	34687.9
TQYSLTDDQTK	180624
TSPFAFTGNK	542884
TSTTTEIEFNDEHSPAVK	8107.55
TTPANANDNDFRK	62476.1
TVAAADCLVPGIGEIIGGSQR	13691
TVAAMDVLAPGIGEIIGGSQR	25031
TVAAVDCLVPGIGEIIGGSQR	19065.6
TVDEFDVDDFKDSSLAK	9981.19
TVGEQLSNQFAIGLAR	3972.47
TVITQTDSAAQDVLEGDQK	9021.7
TVLIQELIR	133779
TVTGEDVSQENLGGASVHSTK	6251.36
TVVTGIEMFR	928600
TVVTGIEMFRK	26589.2
TVVWNGPMGVFENPILAK	8813.39
TVVWNGPMGVFENPTLAAGTIAVAK	36414.7
TWDDLTKEEYK	7461.36
TWVLDPVAAGIGK	9844.17
TYSPEDLVEGK	15760.4
TYYFNANGQMLSK	19799.5
VADKLNVISNLLEK	176701.5
VADYIVTGQWAK	37744.7
VAEKGDYETLK	7930.14
VAGNTATDFENIDKAPEER	78510
VAIDDKQYSPQQISAMILQK	6839.9
VALTGLTMAEYFR	10705
VALYGIDFLIEK	10088.3
VASIVAPTSSNAAYTPNYK	17968.8
VAVIGAGPSGLTVAGDLAK	9015.72
VAVIGSGPSGLTCAGDLAK	44185.4
VCGILLEQGYQIPGAK	14642.7
VDCEFGATAGK	118994
VDDALHATR	20000.3
VDFENIDKAPEER	61002.8
VDGATSTNADNAIETIK	5816.11
VDMAFPCATQNEIGEEEAK	16260.96
VEAENGATAGKFDLAK	11849.3
VEGCGVCGTDAHEFK	14541.16
VEGNAAVDFENIDK	13491.4
VEGNAAVDFENIDKAPEER	217068.5
VELYDGSYHEVDSSEMAFK	2686
VESVDEVEIIR	317672
VFAVEYLPGQFDQR	22429.2
VFESQVYVLTK	109296
VFIPVFPGTNCEYDSTK	5002.97
VFIPVFPGTNCEYDSTR	12762.6
VFMLKPADGIEGVK	5738.8
VFNFCIQDSPR	203242
VFNIYAWNEEFK	7265.4
VFVEDGEGIR	24039.6
VGAATEVEMK	182018.2
VGAATEVEMKDK	11185.34
VGGATFQVPTEIRPDRK	6056.97
VGHIGLYR	19269.1
VGHVATGDDQNFGNK	101917.2
VGIGGGSICITR	51528.9
VGIGPGSICTTR	670827
VGIVGATGMVGQR	23423.1
VGLDYVSCSPFR	88124.9
VGLTGLTMAEYFR	7403.15
VGLYYAETGASMRPSK	18259.18
VGVVGATGMVGQR	23844.2
VIDFTDVFVR	14915.7
VIGQDEAVTK	33445.1
VIGVGGGGGNAVNR	79126.8
VIIAMGSVTEAAR	127778
VINDNFGVVEGLMTTVHSTTATQK	23382.3
VIPVTVIEAGPCTVVQK	11774
VIVEAVEEIKPEVLLFGASNIGR	11380.2
VIVEGINMITK	26275.1
VIVNEIVPPEAGYINTIISK	9531.44
VLCEMGHSDR	3228.51
VLDGAVAVFDAVAGVQPQSETVWR	7610.08
VLDGAVGVFCAK	55001.5
VLDGSVTVLCAK	20971.6
VLFSADGFGK	53717.7
VLLIDDFLANGK	5625.19
VLMSGPYGDFHPIFDSK	21350.54
VLNIYCWNEEFK	101072
VLPMDIMPEYLIK	18507.7
VLPYQQDDFKGLFEALEGNPVTIR	2813.05
VLTIGENIQIR	44244.9
VLVCSGTGCIASGAQK	10442.1
VMAWADKYR	25290.8
VMDYNTSDTAVK	4970.57
VNCYGADDVR	158336
VNLCGGGFTGQSQALR	14481.7
VNPPLRTDEDAEAIR	44239.2
VNQIGSLTETLNAIEMAHR	15628.4
VNVNGGAIALGHPVGASGCR	10563.4
VPFLDKEVFK	6742.93
VPGLVVSSTADPNGSPTITLR	3952.64
VPSLATAGSIAVENGKPHTVAR	8188.49
VPTPTGSLTNLYAVVDK	30085.4
VPVLNGHTAAVFVK	18065.47
VQFNNAIGPYK	383376
VQFNSAIGPYK	460691
VQQIINSAYK	34411.2
VRPLGEIDEDAK	3998.31
VSGYAVNFVK	33863.3
VSYPIYHIK	76260.5
VTDAGLLDAWNGLTPQDALNK	18753.1
VTEAVITVPAYFNDAQR	493284
VTEDQILGKPGDGFTQLLGTTAYGK	12473.3
VTFQMNDTHPTVAVAELMR	3806.48
VTLNGKEYTPQQVSAMILQK	17317.9
VTNDGVITIEESK	117469
VTQWMIDEFKK	28224.1
VTTHNLQVLK	16974.4
VTVQNLQVIK	13955.5
VVAGIGVPQVTAVMNCYSVAK	2390.94
VVALAESTDNADVK	7603.6
VVCEVASHLVK	9929.41
VVFAEGIHPTMLK	5116.17
VVISAPAGNDLPTIVYNVNHETLTK	6461.55
VVTMGEIMLR	30659.9
VVTMSDSDGYIYDPDGIDR	7223.24
VVTMSDSDGYIYDPDGIDREK	5313.86
VVVSQLHR	31727.7
VVVTGIEMFR	59202.3
VYLFDDMRPTPEMSFAIR	3103.12
VYSGTVTAGSTVYNSVK	10929.4
VYVHCFLDGR	15306.6
WFGVTYAADR	43099.1
WNNPDAGFSFTFTK	12392.9
WTGNALTEAFDKNGNVLK	21906.4
WVILGHSER	28272
WYVVDATGYTLGR	41013.3
WYVVHTYSGYENK	2282.36
YADALDEENKAGFTVGEEIK	15429
YADIHLSHMAQMVR	20321.26
YADILLLK	11039.2
YAFEEAEHAAK	165343.7
YAFEEAEHASK	280365.7
YAIDPTKLETELGWKPK	15744.12
YANIGDVIVASVK	5894.26
YASSIIKK	4298.17
YAVGQFNINNLEWTK	45408.8
YCFAEEGEYHGR	11469.01
YCQSLGIIAGK	48358.9
YDGSSNFGPDNR	10637.1
YDSSQGKYALADTVSATDDSIIVDGK	1837.57
YDSTETDKGYTSVGTTSK	14518.5
YDSTQGNYSR	22254.7
YEDYLLGTSFARPCIAK	2160.38
YFEELIDEMK	12870.1
YFSVASGGGTGR	1857380
YGAHIFHTNNK	13669.59
YGAPPHAGLAFGLDR	4923.17
YGFHGTSHSFVSK	63637.66
YGIIYGGVQK	28066.6
YGLGFDLIK	41833.4
YGLPHISTGDIFR	17383.1
YGNEAAEETSILYGGSCK	14952.3
YGSDKPDLR	17580.7
YGSLFDATQTMVAK	320802.6
YGSLFDATQTMVSK	27724.68
YISGNVLTGK	122858
YKPTFTPHVDCGDNVIIINAAK	21063.3
YLDPTDTEHMVEK	3332.7
YLEGEEITR	173567
YLEGEEITREELK	40878.6
YLELAQGYVTR	182692
YLMGVGTPQNILEAIER	6530.37
YLVGTMIEIPR	19145.6
YMHGAGTSPSADVFAYAAAQIK	12978.8
YNADLAQGIEEK	32571.5
YNQYESMILPMVK	6933.81
YNVVATAYAQYTK	37684.1
YPHHGAVAFGHYGK	19438.8
YQGGFIWDYIDQSIYK	4035.15
YQIPHISTGDIFR	23084.1
YQVAYCPSLVR	11767.8
YQYFNTSWADQLYR	13308.8
YSGSSSLTLAEGDEVGR	14795.8
YSHWNAVESLGDWLK	3266.95
YSIPHISTGDIFR	15511.2
YSMDYDKDIDK	9078.9
YSPQEISAMILQK	232706.75
YVTVVEIMGR	32657.6
YYIEVANMPTTNDALNFLR	2274.96
YYNSVEDGAR	57383.3
