Peptide.Seq	F3NL2582	F3NL0496	F3NL1002	F2NL4627	F2NL2504
AAAAEYLDTYADGSK	5653.72	NA	9874.02	28732.5	16715.5
AAADLLVLAYHR	NA	NA	14232.6	64812.1	NA
AAAIYAEAIYELIK	NA	NA	NA	5453.86	NA
AAANYLDIPLYR	30161.8	21936.6	12960.9	13170.2	6703.85
AACAGEVNGEVVDLR	8886.43	NA	26290.3	10830	3528.23
AADAAAAIGEGLQAFCIPGSVADQRK	10943.3	NA	5588.19	6004.88	NA
AADDAAGLAISEK	163307	NA	31446.8	NA	NA
AADDAAGLSISEK	360744	103161	460731	386862	566641
AADKPFLMPVEDVMTISGR	784205.7	269421.6	527224.2	221282.7	32964
AAFTECCQAADK	26920.7	52830.8	31145.3	57660.7	36666.8
AAGIENFIHVR	45849.3	18371.1	12924	NA	17378.5
AAGNNGLWEVTVALK	NA	8709.38	21255.3	NA	68518.6
AAINNGYDMDIK	10308.4	23858.1	10242.4	10921.4	NA
AALPAIFNPEDLNALEQALR	52260.9	77171.7	6237.91	30436.23	15552.57
AALVAQNYINYQQGTPHR	990.653	4303.73	NA	4449.06	5337.872
AALVTMSTCAVPSGGSK	NA	NA	NA	80568.5	NA
AAMAGFADVPGTEIIVFYPK	NA	NA	NA	7731.01	NA
AANGVILITTK	661057	351862	90805.3	NA	81822.3
AAQEEYVKR	5485.62	4453.9	NA	3289.79	1450.28
AAVDMALWDLLGQK	NA	NA	3740.91	NA	NA
AAVEQLTEEQKNEFK	NA	21942.7	14805.95	37143.15	34950.26
AAVESGSAAASR	289499	80926.3	373912	224058	41745.3
AAYEEAEHAAK	758760	796093	762092	782604	445698
ACCCSDSFSCEYTR	9288.17	9805.9	10768.9	9537.13	NA
ACFVLDAIR	887132	674004	1456340	483265	362839
ACLDYPVTSVLPPASLCK	7097.05	17220.4	15604.3	6198.43	39164.9
ADDAGAAGGPGGPGGPGMGNR	108605	NA	115033	13159.8	NA
ADHANTMNQLFAAYAR	NA	NA	8106.65	8900.43	NA
ADIDYGFAEADTTYGK	322323	343487	435334	326699	172075
ADLKDVDDSDLGLK	126831	435493.5	94429.6	173465.9	NA
ADLPFLMPVEDVFTITGR	116398	NA	NA	5130.97	NA
ADMTQAVLEGVAFGLR	24113.49	4370.83	32109.67	15008.7	NA
ADQLTEEQIAEFK	NA	14841.6	14581.7	26413.7	15549.7
ADVDDIDHLSNRR	51980	16894	NA	28534.6	3052.42
AEAESLYQSK	NA	23827.4	105408	NA	19426.5
AEAIQAAVDKVNEMLK	NA	NA	52938.25	NA	NA
AEDRELFK	NA	NA	NA	13683.5	NA
AEDTALYHCAR	NA	NA	NA	NA	27650.1
AEDTAVYYCAK	87267.1	146275	187271	112445	721706
AEDTAVYYCAR	248670	465520	848111	387792	2060590
AEELNILIGSDAVDDEEVKEAVK	NA	NA	NA	7256.61	NA
AEEQGFEVFTAAEAAK	30740.3	18696	66516	19182.5	NA
AEIDGDMGDSHVGLQAR	NA	15127.4	9544.82	10285.4	NA
AEIDMLDIR	NA	NA	NA	NA	21628.7
AEIDQLTSEIDR	22458.6	NA	41072	NA	NA
AEIGDHDENISFEQSIDHLEK	10304.2	NA	9084.4	NA	NA
AEIGDHDENISFEQSVDHLEK	5222.69	NA	6663.8	8410.94	NA
AEIGDHDENISYEQSIAHLEK	38711.82	9582.95	55095.8	40757.2	20103.7
AELDFVEAK	60282.2	NA	255738	75859.2	39478.8
AETECQNTEYQQLLDIK	2475.4	9612.51	74952.8	4360.68	4331.85
AEVLQLELLKPK	NA	9133.14	2798.75	3675.71	5992.95
AEYLYTWDTLMPNINK	8812.89	12952	12930.2	11973.2	11112.2
AEYTAFENIDKAPEER	NA	74041.29	NA	NA	NA
AFAEQLVNLTVK	854628	152817	311657	213148	577014
AFATNFNPEINIR	87113.9	136562	35596.8	87202.5	5267.47
AFKDNAVELEER	9223.54	NA	NA	85484.3	NA
AFLTLAEDILR	NA	4944.92	NA	NA	4880.2
AFNVQFVDKNNK	5085.79	NA	NA	NA	NA
AFSFSPQVLVEK	167007	191047	36511.5	114965	31935.6
AFSYTEVEECGCMGR	25806	29789.3	27325.9	38062.1	30299.5
AFTAQIIINHVQAR	NA	NA	17571.1	NA	NA
AFVHEWAHLR	257766.3	193293.3	341813	518771	1360710
AFVNCDENSR	221170	436067	713757	665769	1181350
AFYPVETLIK	NA	NA	21607.5	23234.4	15747.7
AGADLLVLAYHR	26535.27	6689.85	15634.48	48935.1	29540.57
AGCVAESTAVCR	98245.4	176320	79281.3	164572	55144.5
AGDMVYIVGHVPPGFFEK	6667.88	9235.09	NA	NA	16620.62
AGGVLSYGIPEFR	NA	NA	NA	NA	8086.54
AGHYAVGQFNINNLEWTK	528819.3	95386.95	762185.3	322313.2	201268.1
AGIIHTSIGK	722971	511159	49647	334330	NA
AGLLGLLEEMR	43880.1	98935.5	30012.4	79146.5	60586.9
AGLSANQIGVSLR	NA	13197.7	11389.9	9986.94	7204.88
AGMQDSECIVAVNK	NA	NA	2580.5	NA	2138.21
AGQINEETEYVLNR	NA	NA	4917.06	NA	NA
AGQNKPAIFMDCGFHAR	468341.2	141386.78	779135.81	2654405.5	2169609.59
AGSDDKYQVVK	NA	NA	NA	NA	8793.4
AGTYPNQDQDVNTSAIK	4490.23	15220.9	NA	NA	NA
AGVETTTPSK	16651.2	42240.9	36405.2	28111.1	130233
AGVNFSEFTGVWK	NA	NA	NA	NA	16352.4
AGYIIPLQGPGLTTTESR	5654.54	10859.9	NA	NA	7276.11
AHAEDINYDVAK	8417.47	NA	34078.8	5890.96	3320.84
AHCFFHQVEALYVDK	12786.3	NA	NA	NA	NA
AHCFFHQVEGLYVDK	45084.35	41958.56	3664.87	21550.55	NA
AHFRPEFINR	38129.1	47017.4	42935.3	56234	30722.1
AHFSISNSAEDPFIAIHAESK	63407.3	60405.8	76036.8	96425.6	683393
AHLLFTDLER	532865	69635.9	53570.8	276644	27555.8
AHLNNLFFDPR	NA	4163.27	NA	NA	NA
AHLVAVFNEYQR	8208.14	13855.8	11891.6	6330.36	11147.4
AHPDVFNTLLQVLDDGR	13431.4	107914.5	NA	8716.46	NA
AHPDVFNVLLQVLDDGR	60398.47	59155.01	32798.2	82186.8	10666.18
AHPDWNVKPEIMIPLVGDIK	50555.3	14559.32	52411.45	82291.47	12829.52
AHPDWTIKPEIMIPLVGDVK	5026.65	NA	37070.5	3712.92	1418.63
AHPDWTVKPEIMIPLVCEVK	11009.8	NA	NA	NA	NA
AHSIAAQGGINAAK	16089.5	6792.86	9071.95	13194	5895.85
AIAEAEAYPGPSLIIAYAPCINHGIK	70841.4	23644.7	131652	88184.1	53701.2
AIAEAEAYPGPSLIIAYAPCINHGIKK	14381.4	NA	17723.8	13195.7	6210.76
AIAMLPQFFEIADLADR	NA	NA	5814.14	3815.63	NA
AIASHALSIFGDHSDVYACR	54430.4	11409.44	31868.4	57110.3	34870.3
AIDSMIPIGR	205118	113443	188437	174606	27856.8
AIEAAGLPVVHMCTVTPISMTVGANR	10964.9	NA	3605.71	5504.47	NA
AIEDSPIESVEIR	24854.6	17064.3	NA	11982.4	NA
AIEIVHTLGR	NA	74975.6	12342.1	17778	NA
AIGDQLTCIFVDHGLLR	NA	6477.88	NA	NA	NA
AIGIIINNPEFADVR	311306	209172	139401	363885	NA
AIGNQLTCVFVDHGLLR	NA	12025.6	7725.97	4253.07	4597.03
AIIASLHEFNPMMGHR	12301.5	NA	101022	NA	3489.73
AIIDSLHEFNPMMGHR	145329.86	29472.26	122020.88	159772.11	76974.09
AIIEHEILHALGFYHEQSR	16479.7	82674	29866.3	157560	8658.3
AILASDMLNYQIK	NA	NA	14196.3	25518.1	NA
AIMDASPIHVSIAGR	NA	NA	1840.65	2182.07	NA
AINPEAGFFGVAPGTSYK	NA	NA	10906.6	64427.1	8626.98
AIQNAYLQGVYEGLAK	8408.24	6971.91	14366.7	11130.5	NA
AIVSPSILSADFGK	8145.95	8604.56	NA	16029.6	NA
AIYQASGSTIDWTYSQGIK	NA	NA	5587.89	NA	11337.1
AKDDYRPFVWQR	NA	22244.7	NA	NA	NA
AKIDYNLLK	80136	27464.1	151690	70650.6	75033.3
AKQPTPAFITSTLQQEASR	NA	NA	NA	6266.81	NA
ALADEELPVYGNGENVR	NA	NA	NA	10655.5	8719.69
ALAMENLEASADEQK	97279.94	23547.4	379968.1	86013.3	34060.84
ALASHALSIFGDHSDVMACR	61637.36	11721.39	148158.7	62724.3	13335.86
ALASYVAACQAAGVVIEDWR	86782.3	45771.3	56722.9	98194.4	176147
ALCLHIAHDCNLACR	15185	12256.2	10714.4	12879.2	4801.91
ALCPDMAIIAPWR	NA	NA	NA	11705.4	NA
ALELHPGDDPK	17867.5	NA	11144	NA	NA
ALFMPNGNWVIGEMADAPR	55832.9	NA	7896.48	NA	NA
ALFMPNGTWIVGEMADAPR	NA	NA	30639.06	NA	NA
ALFMPNGTWIVGEMAEAPR	58522.2	44270.09	131855	48188.24	NA
ALLPVIPSESEFPYAIR	NA	NA	26875.8	28176.9	NA
ALNDYAPIQSGIMSTIHAYTGDQMILDGPHR	65537.2	16148.21	5142.92	10413	NA
ALNSIIDVYHK	135538.2	1431744	507511.1	4701100	231524.5
ALQTAGLEVTLIK	NA	NA	29569.4	25050.6	NA
ALQYGMPPTSGIGIGIDR	123411.8	165526	12470.1	67387.1	3210.01
ALVFVDNHDNQR	127779	1043230	984923	1343340	1438090
AMADAGLKPSDLGKVLLVGGSTR	2997.66	NA	NA	NA	6837.85
AMGIMNSFVNDIFER	10903.54	17522.16	NA	5134.91	2980.52
AMHPDSAGSQFFIMHK	12949.1	6224.96	16542.9	13154.5	5516.21
AMVMFDMVR	NA	NA	18623.5	NA	32455.9
ANDDLKENIAIVER	18028.95	21016.57	17075.88	36962.21	7492.35
ANDMGVICGVTTNPSLIAK	78826.3	38555.9	79813.9	82332	33885
ANEGTVGVSAATER	NA	NA	NA	NA	8176.15
ANFLNSNDVFVLK	NA	4275.41	6273.59	6401.58	11772.1
ANFQTIGLSAAAR	514686	636031	748021	576175	4201400
ANICGMIQGTR	101946	535773	227532	773572	124862
ANVLIFPDIDAGNIGYK	89038.3	NA	88154.8	97124.8	94289.3
ANVLVFPDLDAGNIGYK	193619	51865.1	622381	246501	63589.9
APDFPTGGYIYGISGVR	34826.6	NA	10637.8	NA	22890
APDFVFYAPR	28186.4	68099.2	20170	33561.4	46281.4
APEVTEAVR	25837.3	16711.5	NA	47687.8	NA
APFFMYGEVCTR	8812.34	36969.5	NA	44678.8	NA
AQALDHSCSCCK	8177.58	1578.72	11656.8	2152.94	8134.78
AQALDHSCSCCKEEK	108887	39041	159224	34166.4	77712.1
AQEALGMVETR	62897.4	25971.6	65275.4	36286.7	20179.1
AQGDPHYTTFDGR	8444.22	NA	NA	NA	5564.3
AQIINDAFNLASAHK	15321.1	22242.7	81655	36863.97	201899.4
AQVPFEQILSLPELK	NA	NA	4391.44	5473.62	8312.24
ARDDDSGNNGVILFSILR	95804.8	79496.4	88838.9	123032	13306.1
ASADLFVLAYHR	15117.13	74016.6	9956.01	51321.98	16977.92
ASADLLVLAYHR	16205.22	NA	47970.8	22724.65	3368.34
ASDKPFLMPVEDVFSITGR	NA	NA	NA	41826.6	2487.76
ASLATDSFLSAASFQETTR	24393.4	23549.2	29508.3	27411.9	NA
ASLATNSFLSAASFQETTK	46990.1	57218.2	52919.4	39903.8	12431.1
ASMISPDFVGHTVAVHNGNK	135718	43670.6	NA	64832.1	NA
ASNAPELFAKPNIDGGLIGGASLK	142416	366332	67134.4	161404	1424.93
ASNIGQVAQFAAAGK	52872.3	71889.4	NA	86833.5	NA
ASVDAGAAAAANVGQVVSQHVIPRPHTDVEK	NA	NA	NA	NA	6618.7
ASVTALIESVNGK	NA	NA	17790.5	26743.8	48779
ATDAEADVASLNRR	NA	2264.54	NA	NA	NA
ATFEEALEDAKK	13789.7	NA	NA	36792.3	11141.7
ATGIIVTDLMYK	16249.3	NA	16654.5	13037.5	21452
ATILGHMQR	171147	267507	136541	162809	57154.8
ATILGHVQR	171760	139198	259862	175473	12099.2
ATMYPDVPIGQLGQTVVCDVSVGLICK	149757.2	170402.6	188840	154985.4	91047.3
ATPAPPVGPALGQHGVNIVEFTK	37535.6	19314.6	55200.7	43620.2	15515.2
ATPDFLAQVMEHAQAR	26667	15958.8	9933.73	68076.7	NA
ATQGLANYIIK	20280	NA	NA	NA	7004.2
ATTTDAEGMIKEGR	NA	NA	7695.83	NA	NA
AVADLGVDMLAAGIGNIHGK	46897.3	20926.3	102593	53160	18224.8
AVCVLKGDGPVQGIINFEQK	NA	NA	NA	9079.12	10156
AVDKPFLMPVEDVFSITGR	320238.92	39808.3	392237	456806.9	40113.39
AVEDLVNQQIFASKPVVTR	7668.25	NA	NA	10606.4	NA
AVFNVDNYKEYLSLQCDSALR	16961.3	8269.21	16229.9	14876.4	NA
AVGESVQKPLLYYR	118017.2	164247.9	51237.4	73780.1	20528.19
AVLFCLSDDKR	NA	17363.8	NA	11591.7	NA
AVLHTALR	28563.1	218633	75100.4	118874	76472.2
AVMKPTEGTILTVAR	11192.1	5821	6327.24	7681.55	NA
AVSDSFGPGEWDDR	NA	8752.87	NA	NA	13982.6
AYCSLGEICGVLR	89388.9	233926	29526.9	NA	NA
AYGENIGYSEK	NA	NA	14945.2	NA	16644
AYGENIGYSEKDR	4041.99	NA	5855.27	NA	8190.44
AYLEEECPATLR	12829.8	21227.6	16466.8	64523.6	40309.5
AYLVNTGWNGSGK	35460	10838.8	76785	44140.7	17409.7
AYLVNTGWNGTGK	351876	614808	359988	368084	149939
AYSMANYPAEGDR	8740.26	NA	7949.93	NA	12534.5
AYYHETVEILEEK	28704	11778.1	27420.4	NA	31077.3
CALPNRPGVYAR	31365.2	52492.5	40574.3	26937.3	31234
CANYVNGNMENAVGR	NA	NA	NA	NA	10802.3
CCAAADPHECYAK	975.5	9010.23	10502.89	11935.29	4949.29
CCQTHDNCYDQAKK	6297.92	4995.96	11187.59	4204.7	9564.01
CCVTHDCCYK	28320.6	101974.4	59539.8	21266.11	112791.7
CCYVGADAR	286280	440614	683503	545683	NA
CDMEVSCPDGYTCCR	NA	1256.59	NA	1434.07	7760.3
CDTLIIGGGMAYTFLK	9792.91	NA	19258.3	NA	NA
CDVDIRK	NA	NA	NA	NA	6375.51
CEASYPGK	NA	NA	12319	NA	11163.9
CECGPGGHVTCQEGAACGPHEECRLEDGVQACHATGCGR	NA	NA	1534.86	NA	1850.26
CEEGKDNWIR	10083.1	NA	NA	NA	NA
CETLGVACEK	22336.6	NA	36242.7	22165.8	15859.1
CETQNPVSAR	147187	222092	71874.4	124406	416570
CFAFLAGHESFAAAEGAIGLAR	19752.1	NA	32068.3	4322.21	NA
CFAFLAGHESFAAAEGAIK	8353.71	2760.14	2817.87	5815.53	3885.96
CHPFFTGK	59492.8	42439.9	56845.3	NA	NA
CHSAGDGLYFLR	47341	112469	59549.4	31041.1	164755
CKELGITALHIK	12621	NA	6247.86	NA	4487.97
CKTGSGDIENYNDATQVR	1938.96	19636.7	18737.6	27527.2	17816.9
CKTTNLNTCGDSAETASTR	NA	NA	NA	NA	1508.17
CPDGSTCCELPSGK	NA	NA	NA	5404.67	28633.5
CPEPCPPPK	NA	NA	NA	NA	25124.6
CPPELEKK	17557.2	9728.81	12743.8	9392.87	14814.8
CSGPGLPLYTLHSSVNDK	21937.96	29222.05	23057.23	13681.96	25269.29
CTCNGATHQVTCR	17635.62	18817.33	23205.4	12148.46	15313.24
CVDTSMGLTPLEGLIMGTR	5300.88	4286.28	4187.84	8334.36	1378.5
CVDTSMGLTPLEGLVMGTR	6004.26	33812.3	8789.49	14084.5	5731.95
CVGELLQNQFR	25262.8	15232.9	23275.8	14228.3	NA
CVGLPGQTLQIK	85269.2	61926.3	24998.3	56977.6	6418.85
CVYISGLPYSFENSR	NA	NA	NA	NA	5281.57
CYDIEDELKK	NA	NA	NA	14346	NA
CYGGNLVSIHDFNFNYR	6609.02	31763.1	24984	9752.66	47019.8
CYTAVVPLVYGGETK	250255	824030	916366	619742	1370930
DAEAWFNEK	NA	NA	127830	NA	14314.4
DAFGSHDDSDHVYNTPR	8221.73	5040.94	16274.1	9286.27	4925.99
DAILTEAPADHSMHDEFDTPK	7697.47	NA	NA	NA	NA
DALNREESCGGHFR	45225.1	15914.7	17189.9	31629.4	9167.81
DANKLVEEFMLLANR	3529.84	4103.94	NA	2602.99	NA
DAPSQEALDALK	NA	NA	103563	NA	NA
DATSENTVWWTSEEYK	7601.54	NA	NA	NA	NA
DAVAATSTQILQGITR	NA	NA	NA	31533.5	NA
DCDILIFDEPTR	NA	7759.31	109387	74364.8	40299.3
DCFTCSNCK	34953.8	147613	52970.4	54209.7	50635.7
DCNDLEVGNSAYNVPHR	NA	53066.7	NA	28020.7	NA
DEEHQNVLLFIDNIFR	1631.47	NA	2799.88	2029.27	1382.95
DEGHHVAYTTR	60726.9	54938.06	78411.2	79743.62	62517.55
DEGNYLDDALVR	NA	NA	NA	NA	53455.7
DESGLAKDFEIEGEFPK	NA	13994	NA	NA	NA
DESLKVDEHLAK	NA	NA	NA	NA	2831.38
DFLAGGIAAAISK	NA	NA	12465	15071.7	NA
DFQHIQHYFK	NA	NA	NA	4497.97	NA
DFTSYSFKPQLK	6325.29	NA	5648.02	7465.75	2917.86
DGELCWEFDR	19166.9	NA	29131.8	9544.4	3931
DGEVLIVDEFTGR	26463.1	16208.9	41193.8	NA	NA
DGHDEASGIFK	32999.8	66832.7	NA	18064.1	NA
DGIDLENYSEELKK	NA	NA	10993.3	NA	NA
DGLALCALIHR	15017.3	18157.7	27302.2	NA	6633.46
DGSFSVVITGLR	100903	268521	341978	284256	619345
DHAGIPHGGFVIR	28397.5	NA	75472.5	NA	7875.74
DIDKPFLMPVEDVFSITGR	NA	183853.2	NA	NA	140253
DIDNPFLMPVEDVFSITGR	172337	90909	41264.9	66562	59502.7
DIGIPFSYTFELR	15233.3	28391	13502.9	15340.5	20093.3
DILIIGDLPIYVSR	7594.35	11595	3961.89	14153.6	NA
DILQHVINTHGTTR	13094.3	NA	NA	NA	NA
DISEMFLQIYK	NA	4513.57	NA	5072.69	6380.21
DISFMEDLTHIFR	44198.2	11521.34	47073.3	36086.5	NA
DISGFTHGIGWCAPQQGCCK	38528.4	NA	NA	NA	NA
DISGFTHGIGWCAPQQGTCK	18167	15140.1	43590.7	18438	8487.21
DISGLTHGIGWCAPQQGACK	207143.7	36623.5	78262.8	32852.8	103145.36
DISGLTHGVGWCAPQQGACK	202836.97	66272.5	422059.86	226297.94	161691.2
DISGLTHGVGWCAPQQGTCK	109731.19	10662	86264.4	76903.9	243380.49
DIYRPAAWNAFGMDK	10814.7	NA	16368.1	16827.9	3962.97
DKDAIIGSMLICEMAAYYR	9607.09	5214.89	5992.06	15307.9	NA
DKDSVPYR	NA	66558.7	29308.1	23437.6	42236.2
DKVVAAEVENVK	12351.3	NA	7891.42	41765.1	NA
DKYIVMDENSK	77649.7	77208.6	78190.2	70837.86	25521.59
DLADELALVDVIEDK	NA	NA	NA	NA	2664.47
DLCGCYSVSSVLPGCAEPWNHGK	144510	656936	789694	804230	1064360
DLGCNALWINPCFDSPFK	NA	10803.8	4786.22	5789.62	NA
DLGIWHVPNK	291419	630531	426994	417738	828043
DLHVHVETK	NA	NA	NA	NA	5532.71
DLLIRPIITEK	NA	NA	NA	NA	10733.8
DLNAASLEAAMSMIAGTAR	10580.7	5378.61	23828.5	4810.03	3432.59
DLNWNTWGMFTR	NA	NA	6698.87	NA	NA
DLQNFLKK	14699.6	84660.4	25256.2	292907	11888.1
DLQNLMSWR	39618.1	74896.2	92311.9	77858	161348.7
DLSFLDAYPIESITVLK	723611	6266.9	NA	69953.3	1316.07
DLTYQVVLGEYNLAVK	3057976	2409393	3136906	3877306	2293526
DMAGLLLPYK	NA	NA	11611.2	10563.6	NA
DMEDPILISGTDGVGTK	12263.6	NA	NA	22105.75	NA
DMGFTEEEFKR	16653.9	15833.4	12334.2	NA	11080.2
DMLVLHPLPR	NA	NA	12128.4	NA	NA
DMQDMEFTVEHGK	201185	72677.41	284629.3	206462.47	120254.12
DMQEDKELTFDAIDTVK	7862.43	NA	8311.25	7848.06	NA
DNGFNVIVGQRPGK	8588.78	14240.5	5918.49	26122.9	7791.8
DNGLIVNTVTQLTDSPFR	9000.31	5014.76	55744.6	14369.9	1990.55
DNHIDFAGGIDNAIDR	16252.5	46958.63	NA	9753.3	NA
DNHIGAAGSVTK	NA	NA	NA	6024.75	9644.47
DNSKNTLYLQMNSLR	NA	NA	NA	NA	12104.7
DPETLEPVEYYCK	NA	NA	NA	NA	5230.17
DPFSLIPVVLGHEGTGEIVK	NA	NA	31957.4	59913.41	NA
DPNCSSILQTEER	14436.2	NA	20866.3	6246.22	13924.3
DQFAEAGIDKEFVQDNQSR	15720.7	20718.4	13609.1	24351.2	NA
DQMVLDALAEK	NA	NA	NA	NA	11318.2
DRPIYEEDLKK	282911.7	370265	389515.3	360786.8	315562.9
DRVDDALHATR	8281.9	11179.3	7232.48	30965.77	NA
DSAHIQEFEAEWR	23860.9	NA	NA	22613.36	9578.36
DSEPTTSILTITSNVVYGK	121144	60599.9	167770	41656	91228.5
DSGTSFNAVPLHPNTVLR	626205	1055246	698770	949438	567051
DSLLLEFVQTATK	NA	NA	9741.26	NA	NA
DSLLPKDYPCYVTGWGR	14760.2	10908.2	5287.74	4488.56	NA
DSPVIDGHNDLPWQLLDMFNNR	45112.5	59436.7	13620.4	7082.21	21211.4
DTDKPFLMPVEDVFSITGR	118019	55641.5	116767	144656	155782
DTDKPFLMPVEDVFTITGR	21317.8	42711.3	32437.4	12842.1	17313.4
DTILNINFQCAYPLDMK	349173	13561	680506	231988	384522
DTLLDAQKHPEK	2645.61	NA	NA	4391.82	2250.22
DVFLGMFLYEYAR	290498.2	381409.18	338687.57	239176.41	34232.8
DVLLFPTMK	60846.1	30568.2	67654.8	49112.8	9804.04
DVLSTDILTLVYSSK	NA	NA	NA	NA	2051.86
DVMILLDSITR	17448.9	NA	7260	10619.4	2231.9
DVMQGTDEHVVCK	6778.57	21235.38	58516.87	59708.08	470922.2
DVPFETFLANIPACR	34666.6	NA	59044.31	56117.61	NA
DVPGVGDDALKDLDER	NA	NA	26354.8	26928	16376.2
DVTVLQNTDGNNNEAWAK	3153.56	17041.8	NA	24356.1	4446.21
DWAGGSWVEDDKPK	47728	NA	NA	3817.51	NA
DWDSVLAAIGHGGLK	NA	NA	2093.91	NA	NA
DWFQTLPDFNAYVVR	21474.5	34758.8	41672.3	24976.4	NA
DYATTFDFLKR	70041.8	19890.8	82611.9	84594.8	36692.67
DYGVLMTDGPLCGLLAR	7262.55	NA	NA	NA	NA
DYHIFYQILSNK	36928.6	89255.9	32732.9	116349.5	22218.69
DYIHVVDLAIGHLK	NA	NA	3039.89	5024.29	NA
DYIHVVDLALGHVK	20576.8	11645.2	24910	18149.5	4893.56
DYLPLVLGPTAMR	NA	18918.7	13969.3	83750.9	4534.6
DYPCYVTGWGR	25831.5	NA	31246.4	NA	131575
DYSPQHPNK	NA	NA	7437.91	6801.51	5463.54
DYTPQEISAMILQK	NA	NA	NA	27449.1	NA
EATKDEVNAIYQK	16203.8	17127.1	3790.87	39429.9	NA
EAWDALTDAQK	34626.6	21539.5	64738.5	44388.1	18829.4
ECEAFICNCDR	10853.5	9587.29	33390	9482.82	9121.96
EDLNSPNPSPGGCYDTK	5274.32	12057.8	8191.36	6013.45	5652.27
EDMTSQIATLQAALTTAAK	5523.98	6681.95	25155.11	NA	49489.4
EEQDALTEVVLK	NA	NA	NA	NA	8272.19
EFDEETGLYYYGAR	33872.8	NA	NA	NA	NA
EFEPDGPNYTPR	92851.7	NA	152058	47765.5	74670.9
EFEPYEVVATTYQAISGAGK	56430.8	99248.4	96870.6	44542.4	38981
EFFGSSPLSQFMDQNNPLAELTHK	18544.9	18069.8	4063.68	18944.8	NA
EFFGSSPLSQFMDQTNPLAELTHK	8734.17	5491.08	NA	5267.22	NA
EFFGSSQLSQFMDQNNPLGELTHK	18062.2	25184.7	18476.1	13169.1	4764.82
EFGEHFEFDCK	18130.1	11939.6	25550.2	21235.5	9377.95
EFGGSDTCATAIIISTALKK	4832.67	NA	2303.3	3607.42	NA
EFGISIPDDQAEK	23423	12136	27540	NA	43894.8
EFIIFVGPSGCGK	90620.3	128183	129525	173421	23899.6
EFLWQEGHTAHATAEEAEAR	NA	NA	NA	NA	2674.49
EFTAGFVQFR	462677	840909	848718	1175800	1017940
EFVAGFVQFR	411922	1184010	614830	335695	1367550
EFYSASVAEDAAK	506181	428934	259122	1002900	28653.3
EFYVNDAGNQIEK	17901.8	NA	20205.1	NA	NA
EGDGLSCASIMADINPK	19980.8	28014.3	5144.07	6525.35	NA
EGEIFGLYGLVGAGR	55807.5	13361.5	50005.6	16364.5	10341.2
EGFEQISALFLK	9295.57	NA	NA	16928.4	NA
EGGCQTCYGAVDINNSDYK	NA	NA	NA	NA	8943.13
EGGSVENTDIWGR	NA	16628.9	NA	NA	NA
EGINFPFPQLTVHQA	NA	NA	NA	NA	6699.07
EGLDVLEYFISAHGAR	40639	5619.84	6099.64	12177.6	1916.96
EGLDVLEYFMSAHGAR	59323.4	69909	58290.1	58402.4	12954.4
EGLLLWCQR	53689.8	49991.4	NA	29415.4	26989.2
EGPEQVIPINSGDLFVHPLWNR	15148.1	81695.9	22939.5	27624.8	184499
EGVFAGGDAVTGAATVILAMGAGK	NA	NA	NA	10463.4	NA
EGYPEIAEAYK	131606	193125	316819	450072	NA
EGYPEVAEAYK	NA	NA	NA	NA	43900.7
EHAALAPLYLGVK	NA	NA	2591.32	NA	1655.84
EHALLAYTLGVK	20812.6	16029	11578.2	13232.5	20649.9
EHPLIAEELMMPILGVVR	NA	NA	NA	NA	9783.24
EHYEKPSVK	17736.4	34098.3	4313.04	17200.7	NA
EHYEKPSVR	36927.1	15230.2	34451.4	21995	7516.04
EIDFLGNAVNNPERPFVAILGGAK	138223	46589.6	343611	132393	78933.3
EIDFLGNAVNNPERPMVAILGGAK	NA	NA	2401.79	NA	5307.19
EIEELYNNPQNPER	210714	264612	160265	78898.4	142905
EIELEDPFENMGAQLVK	NA	NA	NA	7418.7	NA
EIEPEPDFILWTGDDTPHVPDEK	8383.7	12442.2	NA	NA	17319
EIETYHNLLEGGQEDFESSGAGK	NA	NA	16106.9	NA	NA
EIGHGALAER	144509	73307.5	147485	90647.7	38637.3
EIGYLFGQYK	387299	288681	293319	223734	192007
EIKDISGLTHGVGWCAPQQGACK	NA	NA	NA	4816.99	NA
EIPAWVPFDPAAQITK	28293.2	60780.5	41437.2	188841	68603.8
EIPTGSWQLYHVTLK	NA	NA	30074.4	103310	28313.5
EIQIFHTILTTADNK	NA	NA	3719.5	NA	1154.87
EITEAAVLLFYR	NA	NA	17184.2	10010.1	12454.4
EIYDNGDSLIMVATDR	NA	NA	NA	18803.5	NA
EKHTTKPLMGHFK	54209.52	8069.31	6983.49	7133.31	28803.34
EKPDDPLNYFLGGCAGGLTLGAR	NA	5224.97	NA	NA	NA
EKTGCGMMDCK	1383.89	NA	1223.96	NA	NA
EKVVALAESTDNADVK	NA	NA	NA	2123.61	1089.4
ELGDKLPADK	14735	13543.2	NA	NA	13641.2
ELGHGALAEK	25329.9	57546	32794.1	30631.8	9815.88
ELKENSYPGR	8775.02	6378.19	17303.5	6267.36	NA
ELLAQNAEHK	16943.7	NA	12876.1	NA	NA
ELNNLQVGQANVILQVMDKK	12436.8	NA	NA	NA	NA
ELQAFENIEDEIK	26562.8	15171.9	12000.4	9434.37	9121.22
ELSSATTTNINLPFITATAEGPK	138524	126018	158298	120289	32925.1
ELTTEIDNNIEQISSYK	NA	NA	7363.85	NA	NA
ELVDYFLNVATAQGR	NA	7740.89	NA	NA	3463.25
EMIAMLLAGGQGSR	22398.8	18582.4	19638.9	27741.2	6446.78
EMIFTCDNVDAAEAYR	8252.1	35835.9	7830.11	10485	NA
EMIWVGGGAGMAPLR	72081.8	29710.7	38472.1	24042.1	75027.2
EMLSPTSAIAGMGLDKDVALITDGR	5818.46	NA	12162.1	NA	NA
EMLVIVEDR	88983	63220.4	51328.4	190954	34749.1
EMMWIGGGAGMAPLR	NA	NA	NA	9176.76	13668.5
EMSLDDVVTYIATAVANR	35200.5	100039.7	5271.22	33807.5	NA
EMTGAGMMDCKK	7610.5	5994.34	7371.01	3411.64	2074.302
EMVSNAVDATQK	8717.07	15724.8	NA	NA	NA
ENGDELSPGVNQSVR	18189.1	68696.7	13044.3	33061.1	14506.6
ENPDIVKENIK	25583.2	45052	NA	18447.4	NA
ENSLCGLGQTAPNPVLSTLR	NA	NA	NA	NA	1250.85
EPDKSVLDSYADK	22899.8	18788.9	41700.6	13335.1	NA
EPIVFDHDCR	6416.74	NA	3502.57	NA	14857.8
EQAAPLTGSSDQVR	15930.8	NA	NA	NA	NA
EQHAEDKFYDVLEEVPR	45020.6	11417.3	106938.4	33183.5	33061.6
EQLDDFCEILAESR	NA	6330.89	NA	8447.34	NA
ESELLGLLCAHANEILQR	35680.6	18169.9	10521.7	8088.44	10008.4
ESEPGIGFDALNER	126233	81670.4	589350	83134.8	83577.8
ESIFCIQYNIR	118806	170355	64131.2	72054.8	63618.8
ETALGMPYVPEHAAALFSCR	42122.1	NA	8803.06	NA	NA
ETDKPFLMPVEDVFSITGR	589774	NA	1454820	529885	142986
ETDTMPQWAGSSWYFLR	19808.1	7173.02	14970.3	6334.7	NA
ETIANTLVPVVCGSSYK	100960	105344	102234	158212	NA
ETSGNLEQLLLAVVK	947.568	2417.38	1652.78	1289.65	2842.28
ETTEAAMPTHTEAIK	NA	NA	NA	NA	6729.65
EVDEQMLNVQNK	NA	NA	NA	NA	6740.86
EVFESLEPVVEKHPEYEK	NA	31373.5	36086.47	29770.83	NA
EVGFMFGMYK	11360.9	11572.3	9558.43	8957.28	34783.5
EVIPEFLMVLK	69867.7	4083.78	51458.9	69152.2	21922.14
EVLKNETIAVIGYGIQGPGQACNLR	83187	80455.9	12614.6	45834.4	NA
EVLLLAHNLPQNR	38065.7	59327.8	21246.3	56195.7	84561.5
EVLNFCANNYLGLSNHPR	NA	NA	7437.87	NA	NA
EVPLNTIIFMGR	25846.1	45304.9	29288.7	31923.6	19179.1
EVTINPDTTCGNDWVCEHR	203003	1158530	1741120	2254230	2456340
EVTKEVEVAGPR	9876.26	NA	4481.12	NA	3692.24
EWECEVISNK	168099	93217	68749.2	119841	49123.7
EWVTQASGVWFAK	107929	32548	306066	82811.1	1243347.47
EYGVTAGFGLPVPR	NA	NA	NA	NA	10363.9
EYTPQQVSAMILQK	17838.3	13894.3	18642.3	36114.1	NA
EYYVGEDGQLVR	NA	NA	10981.4	NA	211854
FAALVVVGDGK	63045.6	41861.5	90930.1	135463	41322.2
FAALVVVGDR	87604.5	NA	14026.2	214310	18471.3
FAAQHHFFGYEGR	143080	NA	26112.2	93310.1	14428.6
FADNDLMGFPYQVVLGK	5829.83	4654.01	NA	9252.72	NA
FAELLGEVLTDSTKK	37168.4	22800.7	13648.5	15960.4	NA
FAELLGEVVTDSTKK	883327	569736	898305	1225401.8	496773.5
FAGAVATYTIESLMHDGK	2732.36	NA	NA	NA	NA
FALTIGDELPSGIIQMAK	105587.6	71843.6	NA	24595.3	NA
FANSEVEVK	174844	58573.6	406098	107372	2759530
FATLGGNVSTNAGGMR	NA	NA	7081.56	NA	NA
FATTFYQHLADSK	NA	12687.14	8827.21	4928.29	14516.5
FAVLQENVAWGNGR	92013.9	143638	86420.8	100274	80934.5
FCFSNEFSTFTHK	8629.19	NA	5896.99	NA	4214.68
FCQAFMTELYR	365158.3	295541	87254.9	234199.8	47755.7
FCQSFMTELCK	29328	12956.3	14495.9	12066.8	8617.5
FCQSFMTELYR	123530.7	101657.1	213321.5	181682	29377.7
FCVGLQK	75709.2	103120	134471	60880.3	73334.9
FDELTHDLVEK	12318.5	NA	15550.5	NA	8430.82
FENADEYNLADEIK	9911.99	41527.3	13995	16365.9	NA
FENAEEYTLAQEIK	25075.3	NA	28210.3	16510.9	49423.8
FENASEYSVKDEIK	5572.76	NA	23497	5369.69	NA
FESLRPTPELSFAVR	36132	NA	NA	6676.75	9373.29
FETGEGIEKK	26047.7	NA	NA	NA	30616.8
FETNVGAGLPIIGTINDLR	46395.3	42094	14400.9	32635.3	1883.53
FFHPEEWADLFQAAGAK	2304.01	NA	NA	NA	NA
FGALDVEENWDDEARR	14390.5	NA	NA	NA	4717.15
FGAPLITNDGVTIAK	145703	NA	335775	28987.8	24423
FGDKENPLLVSVR	270321.47	50404.8	526441.55	276096	194689
FGDLENPLLVSVR	103450	194408	91069.5	110526	NA
FGDQMNNVAVTDGDKVEAEQR	40961.97	4495.99	5168.11	NA	20163.34
FGFIGQDELLAVAR	NA	16952.7	45468.6	8631.57	NA
FGLADAGNIYGR	52781.1	141957	103535	90782.6	65411.4
FGQGSGPIVLDDVR	197276	712587	635131	785190	1521670
FGQPEVGLGITPGFGGTQR	20957.3	84495.2	12955.2	9493.58	13789.9
FGSPLITNDGVTIAK	58799.1	29517.8	98624	29909.7	NA
FGTLVGVDRPAAK	11990	127514	67214.4	60748.1	104431
FHYLPFLPSTEDVYDCR	6297.1	16551.6	54487.2	9376.12	19821.2
FIFNEIIPQDLGFVDR	51364.29	12196.3	77131.47	31252.86	6442.66
FIFNEILPQDLGYVDR	22754.7	10595.1	12446	11214.9	6603.76
FIGGHGTTIGGVIIDGGK	NA	19874.07	NA	NA	14713.67
FIQMFSDVVMEVGK	15766.3	15819.3	17751.1	21181.2	5996.16
FIQMYSDVVMEVGKK	78139.61	16170.5	127100.2	53769.89	43887.57
FLCPVPGYDR	225509	231437	301339	186133	155557
FLDEDPWER	354371	250628	266303	311820	NA
FLDPGFSSHQAVAR	15922.4	16003	13615	14122.4	28616.8
FLENEDRR	134829	296765	207476	140018	158864
FLFDLGVSCKEEPFQK	9069.94	21226.7	NA	10226.5	NA
FLHTLKNMGPSPEPNLTVLYSSR	147606.7	55342.52	215908.9	58056.9	7559.72
FLLDENFIEIHTPK	NA	NA	NA	4186.46	NA
FLLDNPYTHTYSYSCSGSAITCSSK	561564	445857	684153	515984	534473
FLNAYYDAK	359217	44768.3	604524	196508	95392.6
FLNFFEER	NA	NA	NA	20662.4	NA
FLNNVLQAELEPIR	21574.2	NA	NA	12392.9	7201.86
FLNNVLQETLEPIR	NA	NA	NA	NA	2660.56
FLPYFFPDTFHEGGDPVK	25396.9	10681.93	62308.4	23106	13827.34
FLPYFFPDTFHEGGDPVKEAK	19406.9	NA	43218.3	11310.59	8593.16
FNEIYLLK	38212.3	NA	NA	28138.4	NA
FNIPHSVTLDSAGR	NA	6655.52	3989.85	4862.63	6134.79
FNQFGGSQATYNWELK	NA	NA	143315	196325	NA
FPEAFVQFK	194612	69212.2	520947	216240	65044.6
FQHPVAGTYKK	967120	947695	438613	543155	124536.7
FQPDWIVAIGGGSPIDAAK	79739.55	126606.1	72827.84	77792.94	NA
FRECNMGNLICDAMINNNLR	3553.1	8823.19	5114.77	NA	1997.46
FRGEEQFSSGPSFETISASGLNAALAHYSPTK	22986.7	19065.2	12900.3	31329.8	100625
FRIEDGFSLK	12953.2	29043.3	15110.2	12706.6	13173.8
FRPSEPHFTLDGNSFYK	52718.6	56466.3	51361.8	32771.2	54297.7
FSAQHHFFGYEGR	169640.1	197236.7	30926.2	7873.05	NA
FSGQLNSHGCFYQQVK	NA	NA	NA	NA	6182.92
FSGSGSGTDFTLTISR	26565.3	120900	58613.1	43642.6	265133
FSHSGNQLDGPITALR	515589.7	959053	706393.6	958617.1	848223.7
FSILTVNNDITLLK	15874.2	17213.4	31342.5	10860.3	37046.1
FSSCGGGGGSFGAGGGFGSR	NA	NA	35372.1	NA	NA
FSTGGDKPAIWLDAGIHAR	15516.1	NA	89755.8	6161.65	471469.16
FTASVNLAPSFFDDHLK	22248.4	NA	10078.4	NA	NA
FTATQDYNGNNDSNR	NA	NA	NA	NA	1826.2
FTCTVTHTDLPSPLK	14596.8	8948.28	129147.52	74198.8	68219.34
FTDKTDLVYFGNLK	13548	9624.86	74167.7	NA	9775.78
FTGEIYVLTK	168526	217470	51672.9	311401	NA
FTKEDSGTAEAPVK	NA	NA	2970.04	NA	NA
FTLIVTDVNEAPQFSQHVFQAK	NA	NA	NA	NA	9605.45
FTQAGSEVSALLGR	415904	427537	191581	353081	99301.3
FTSAELIEHWKK	NA	NA	18662.1	NA	NA
FVDKWDTPILCIHGEK	25719.5	23560.5	13769.6	NA	14260.39
FVDPSTGFISSK	107858	199726	35490.4	93562.8	NA
FVGMLTDSR	54328.8	85297	18690.5	40373.5	15868.7
FVIGGPHGDAGLTGR	16836.5	46711.4	NA	13296.1	NA
FVIGGPHGDSGLTGR	37529.8	14275.2	46975.4	26548.1	17567.4
FVIHYDIPK	11674.5	25131.8	5542.27	11186.6	NA
FVKDVVVK	79971.1	78661.4	57057.7	89656.5	NA
FVLGGPAADTGLTGR	16256.3	NA	17122.5	NA	NA
FVNHLMYDGK	167849.7	95446.8	14178.3	99277.2	8509.13
FVNHLMYDGKK	65685.48	39689.58	5246.76	30459.9	NA
FVQAGSEVSALMGR	14406.5	NA	11486.6	17682.1	NA
FVSPVSGVVTSVER	138595	16162.8	NA	NA	159638
FVYHLSDLCK	395426	1085173	1242501	962964	2011308
FWGLGGDGTVGANK	870284	887535	233978	680527	20076.6
FWGLGSDGTVGANK	59735.5	39234.5	48061.3	36421.4	NA
FWWENEGVFSMQQR	9305.49	53377.3	25928	94226	8997.87
FYAEEEGKPR	25486.9	37394.8	8561.52	30079.2	29043.9
FYNELTEILVR	NA	16045	7847.62	NA	16957.2
FYTIEILKVE	NA	28517.4	20307.6	277309	3818.87
FYTTVGNGTAVASAK	NA	NA	29334.2	17990.6	NA
GADATIAVLNVSLK	NA	NA	6227.34	NA	NA
GAEVAHFMNALR	4521.8	5187.14	8479.49	10084.1	9280.66
GAGTDDHTLIR	NA	10722.2	NA	NA	7319.82
GAMVYQSPMSIIDLK	NA	NA	NA	29910.2	NA
GANPGFHEAIGDVLALSVSTPEHLHK	51225.1	29794.9	18545.1	74068.8	49391.7
GASKGEGLGNQFLANIR	NA	NA	4357.23	NA	NA
GAVGALLVYDIAK	4950.68	8684.25	5027.67	5667.44	9094.84
GAVPTQSILTITSNVEYGK	12654.8	140890.9	70492.64	65373.3	83555.2
GCSLNCVDDSQDYYVGK	3411.64	2455.51	NA	NA	NA
GDADFMDYANIDKAPEER	41092.39	73272.59	NA	53252.46	NA
GDGPEPELSLKPAAEK	NA	45559.7	NA	NA	NA
GDPMPTPGIPESLNVLLHELR	117048	104371	2490.35	59437.4	NA
GDTFSCMVGHEALPLAFTQK	57229.1	75785.5	222661	217888	283924
GDYIICDDRDHASIVDGR	17260.8	29597.5	NA	8179.74	NA
GEAPVNGCPVGGEPVGK	NA	NA	13855.8	5716.15	NA
GEDFYCVTCHETK	157998.8	297068.6	193567.7	54563.6	134802.1
GEEQFSSGPSFETISASGLNAALAHYSPTK	15716	11658.7	13102.3	17711.5	41959.2
GEILGFSGLMGAGR	NA	NA	35197.2	25050	19605.3
GELEITDINR	102101	185676	95178.5	130330	84830.4
GELFWDNGETKDTVANK	7791.66	6112.24	5582.78	3641.68	5587.05
GEPGPAGPQGAPGPAGEEGK	44930.9	24750.8	21730.8	46567.2	NA
GETFSCMVGHEALPLAFTQK	77066	364549	180597	200002	363550
GETVWTIDPQAVIFIGR	20428	NA	18604.4	NA	11626.7
GEVVWTVNPADVIVIGR	NA	NA	NA	9189.52	5243.65
GEYIHFTPDLLLGK	5939.32	NA	5301.45	7065.19	5302.15
GFEFGDHYDK	36912.5	31988.2	28878.7	71146.7	NA
GFIGPVNLPEGIR	20872.7	12749.1	NA	35142.5	NA
GFMDASPVLLEPIVSMK	32332.58	4830.89	88423.8	22035.7	7961.07
GFQGAIKR	65873.6	46520.7	88498.6	57915	21769.2
GFSPKDVLVR	27443.1	71434.7	73877.4	52613.5	131897
GFVFPAGEIYGGTR	NA	70141.7	33937.4	43513.6	31077.5
GFVITHGHEDHIGALPYVLK	6490.02	NA	12904.2	5099.16	4240.34
GFYDGLIFHR	37713.67	21228.5	67969.02	40616.7	14742.15
GFYLFVEGGR	121071	176249	137893	200007	255886
GGAEIEVTKK	7514.18	NA	7321.2	4731.25	NA
GGDGGEYGATTGRPR	4259.56	NA	7597.42	15295.8	7645.34
GGHSGLEINEGR	22489.1	81545.1	NA	32337.7	11624.8
GGSGGSYGGGGSGGGYGGGSGSR	NA	NA	10142.6	NA	NA
GGSSSGGGYGSGGGGSSSVK	NA	NA	1063.67	NA	NA
GGTAALNAEVSPFGVKPDGVTWK	103004	68029.7	9895.46	33087.4	NA
GHCVISDMFHLEAIK	19763.03	16625.69	10966.43	28240.2	NA
GHETYGEDPYLTSR	NA	NA	3162.62	NA	1609.67
GHGAGGASILTFWDAR	151709	885139	967971	1391840	907227
GHPVLLNR	216230	88250.4	110682	131033	NA
GIAEAVGLPSIPVHPIGYYDAQK	5543.43	8953.44	9550.06	10940.3	5721.34
GIASMHCSANTDK	2628.66	NA	5352.58	NA	NA
GIASMHCSANTDKEGK	NA	NA	NA	4837.86	NA
GIFSNEAGLGSAPIAAAAAQTK	19213	19415.4	14792.8	15448.2	NA
GIIDAILDGSIDKAPTK	62179.17	51240.3	123055.1	80196.3	169324.7
GINPDTDEEETRPASDDEPFAALAFK	NA	NA	NA	7698.52	NA
GIPCIYYGSEVGFR	16376.8	381692	NA	107759	NA
GIPEILSPELLK	169530	51093.1	304356	113057	45824.8
GIQDKLDYITALNIK	6108.52	11384.6	23552.3	5872.42	29517.9
GITEPTPTFSACFGQAFLELHPTK	516031	884138	594946	586779	142575
GITITSAATTCHWK	NA	NA	NA	2757.48	1307.61
GKFPVQLENVDSFVELGQVALR	6099.96	9619.84	7471.87	3546.04	5560.81
GKGDPAGWVAPVTPGR	168517	99132.5	14819.8	101263	NA
GKGVSFMENQVGWHGK	12467.6	NA	20801.1	12691.9	NA
GLFEALEGNPVTIR	209918	65502.8	803110	279559	85547.2
GLGTAIISTSK	310315	157720	401373	381408	9526.39
GLHVGHPLGYLATDVVSR	NA	29905.5	12674.7	15537.3	3780.81
GLIPAIVQDHYTK	NA	NA	3642.42	6848.06	NA
GLSLSALQDLCR	39370.1	63265.8	47444.4	41678.3	24864.9
GLSMFIYDKR	28392.5	22043.1	NA	17228.6	NA
GLTAATGMDALTHAIEGYITK	144213.9	28615.2	98412.9	163657.6	1908.04
GLTYGGSLIR	51902.5	NA	355496	NA	56884.6
GLWMDCVTQSTGMMSCK	5268.88	8305.07	7999.41	3614.03	13217.3
GMDIIFVTTAK	169741.7	235427	326280.3	174543.7	112283.9
GMDIVFVTTAK	31459	NA	44672.6	23021.5	51682.1
GMFSMMNYYLPLK	NA	NA	6164.28	NA	NA
GMGECCVSGCGDIAMDEENKK	19191.4	NA	35195.3	13617.1	6220.57
GMGGAFVLVLYDEIKK	5593.73	7228.84	7622.49	9907.38	21094.4
GMGTCCVSGCGDIAMDEENKK	23158.95	4181.58	36395.06	NA	4674.91
GMGTCCVSGCGDITMDEANKK	NA	NA	NA	NA	568.384
GMGTCCVSGCGDIVMDEENKK	8585.75	41564.8	NA	6936.6	NA
GMQFLDLIQEGNLGLIK	4727.31	NA	5322.53	NA	NA
GMVCQEHSCKPGQVCQPSGGILSCVTK	NA	2320.16	NA	990.195	NA
GNCGDSSSMYSLEGNTVEHR	54920.9	63914.4	44418	42612.13	53972.2
GNIDAALDIHAATHAFNDVQDFIK	75199.5	121841.1	37863.3	20985.73	2131.57
GNIGVTTENIFPVIK	17025.9	41245.2	NA	20370.5	NA
GNLVSIHNFNINYR	NA	NA	NA	NA	7055.2
GPEYFVEAANMVLHR	13459.8	9997.65	NA	14189.11	NA
GPGMFDISAFLGKEETLR	5485.01	7619.84	NA	2972.31	NA
GPLTTPVGGGIR	15014.4	78549.3	NA	NA	NA
GPNHGPAPIPEEGK	335057	500392	53207.6	214114.1	17114.66
GPYESGSGHSSGLGHQESR	NA	NA	5491.87	NA	NA
GPYSPVPLGDYMSGSNHVLPTGGTAR	NA	4894.14	NA	NA	4776.7
GQNILGYRPYADDVVEYFVQK	179227	195835	245280	180464	50156.5
GQNSPVDYFNKYPGR	NA	NA	13726.5	NA	8249.04
GQTVQQVYNAVGALAK	18608	11746	8244.67	NA	NA
GQTYFFDEEGK	50066.7	NA	NA	NA	NA
GQVLAKPGSITPHTK	5202.97	NA	NA	5890.96	NA
GQVLAKPGSVHPHTK	680653.6	31483.7	137661	79824.156	NA
GQVLAKPGTINPHTK	NA	36121	NA	NA	NA
GQVLAKPGTVHPHTK	73618.8	126562	19459.6	76367.9	20730.9
GQVLCKPGSVTPHTK	280924.6	434033.8	88143.03	438684	4472.63
GQVLIKPGSVTCHK	27151.66	11941.97	20931.08	193881.8	199909.8
GQVSELGAVNVMTGIYTGR	125920.2	109510.5	209846	202812.6	36863.86
GQVTELGAVNVMTGIYTGR	32126.5	17324.3	22224.8	13308	19067.32
GQVTELGAVNVMTGVYTGR	15167.1	26000.4	24157.8	NA	34681.56
GSEHSLDGEHFAMEMHIVHEK	NA	NA	NA	NA	3212.27
GSFTSSSNFMSIR	244134	564497	659236	200414	1288490
GSGTAEVELKK	20091.3	19099.6	8720.24	8420.3	7616.79
GSILIDGMPTAGKK	NA	10732.6	7094.41	NA	NA
GSIQDGPGANAIWNITNVTR	6227.69	70892.3	20495.6	39408.9	7023.49
GSLEEQTMNMAK	18124.45	NA	29589.09	19807.3	NA
GSLGGGFSSGGFSGGSFSR	NA	10671	45638.7	9391.77	5397.37
GSNEEDTDTPLFIGK	3628.77	NA	NA	NA	NA
GSSLVEIVSTCNSGWK	15879.6	19501.3	NA	NA	NA
GSSSGGGYSSGSSSYGSGGR	NA	NA	1944.49	NA	NA
GSVMNPCDHPHGGGEGK	18296.33	4538.83	11138.58	20005.27	2844.92
GSVMNPCDHPHGGGEGR	107012.1	13265.1	48886.8	21268.3	NA
GSVMNPNDHPHGGGEGK	392328.67	241783.43	485742.77	508143.95	111081.964
GSVMNPNDHPHGGGEGR	403379.42	69510.42	100746.67	231442.8	51829.56
GSVTFHCALGPEVANVAK	50632.5	97656.2	101938	93076.8	112895
GTAHVGDQMEIVGIKEEK	29281.37	16751	98027.8	27727.69	NA
GTLHVNDPLEIIGIK	NA	NA	12122.3	NA	NA
GTLKPDSTHSNEFDSDVDVGDLQMVK	NA	NA	NA	NA	5838.77
GTMILNPSVTGLDFSYSK	NA	NA	NA	NA	4109.45
GTNVAVGAENMYYEEK	5111.08	29324.2	5841.25	13572.3	NA
GTNVQVGAENMYFEEK	31932.82	NA	12048.95	3042.37	21962.77
GTPCLVAVEQDETGK	35018.9	40859.3	221292	88162.8	NA
GTQAALLSEHYGIPAISTGDIFR	NA	20829.4	4875.6	4998.64	NA
GTSVLTVEAVDGDK	37477.1	43410.8	13108.9	28877.5	NA
GTVAAPSVFIFPPSDEQLK	44714.3	179613	97101.5	62997.6	227259
GTVMNPCDHPHGGGEGR	NA	99261.5	10846.8	160960.2	NA
GTVMNPVDHPHGGGEGK	NA	6938.56	4448.43	10803.9	3082.5
GVAGGSVAVLCPYNR	NA	NA	109350	NA	178432
GVDEVTIVNILTNR	11517.6	17514.3	9377.06	14133.8	32776.1
GVFINGSSGEGYMLTEEER	10848.3	NA	3093.78	NA	4434.97
GVGGSQPPDIDK	NA	NA	NA	NA	88394.9
GVLHVNDPLEIVGIK	14740	NA	NA	26053.6	NA
GVLILPTLEEAKK	13371.1	33980.03	13427.73	36954.5	5261.46
GVNNPLSLVNPNDIESFTVLK	NA	NA	7768.98	14999.8	NA
GVNPDEVVAVGASIQGAILNK	6842.31	5450.76	8969.1	32770.6	NA
GVSQGHSDAIR	5814.65	NA	4687.31	4699.7	2951.68
GVTPPIDVLPSLSR	33844.7	NA	15534.4	18005.7	32041.5
GVYTGYVYVADPNGAGLQFK	NA	NA	19508.6	NA	NA
GWFSHNCNHR	153680.2	616947.7	327870.2	237500.2	553423.6
GWGPHCEICPFQGTVAFK	6244.43	NA	NA	NA	NA
GYGITLGNSLR	151548	78388	62011.9	116408	150362
GYSAELYPDGEAGYK	NA	19423.8	NA	NA	15473.2
GYSVLEVLHAFEK	NA	5244.38	16811.69	11852.73	NA
GYTAWDPTSYAFIK	21003.1	NA	22255.9	NA	NA
GYTAWDPTSYAFVK	11045.6	22601.9	12185.6	9537.78	NA
GYVSAYMSTDMEK	NA	NA	4753.96	NA	NA
HADVDKVVEATK	72803.7	25004.83	169821.6	104843.5	38889.86
HDAFIEHDGK	12442.5	37626.2	NA	NA	NA
HDCDLLR	NA	20910.6	8456.45	16057.3	17066.5
HDSVEVPASK	97388.3	38399	265187	84258.4	104500
HEQALVHEADAYAR	NA	NA	28159.55	17552.5	17798.1
HETQEVLIK	457144	508593	455859	458018	312927
HETVDVPASK	65656.2	154842	41840.3	78180.4	NA
HETVDVPASNMK	25316.6	NA	10088.9	15994.2	9369.31
HFCGGALIHAR	25225.6	121892	60135.6	239404	24699.1
HGCGFDGLLK	13684.9	NA	7105.32	NA	20259.5
HGCGFDGLLKR	NA	NA	NA	NA	2904.43
HGFCGACATIYR	5247.91	4061.57	10089.7	4705.26	3213.24
HGLVCLLHEKPFAGVNGSGK	36751.8	13505.1	43109.5	NA	NA
HICYFQIDKK	63610.76	91824.13	64939.55	42442.1	64699.08
HIEEENLIDEDFQNLK	NA	NA	NA	NA	2926.63
HIGLYAYR	NA	76977.1	NA	NA	NA
HIGPDEDVPAGDIGVGGR	NA	NA	NA	10761.5	7981.37
HITVNYMMAK	26871.8	36092	NA	27406.4	NA
HKVYACEVTHQGLSSPVTK	147108.902	NA	158669.5	1611.99	406530.97
HLAMMPHLER	70760.9	92733.7	38757.4	81976.4	24570.8
HLAVLNGAVVSTPHYSPGLLIEK	2362.6	NA	NA	NA	3468.61
HLGCQSGIILTASHNPK	NA	NA	NA	NA	10367.1
HLGPDMDVPAGDIGVGGR	37099.6	28650.9	20319	13221.6	NA
HLTYENVER	NA	23219.6	NA	NA	12565.3
HLVLLDTAQAAAAGHR	13193.6	17681.5	12084.7	14548.4	12563.6
HMDAFQFIK	19982.6	830606	8107.91	12344.9	NA
HMIMSGEYDK	37094.76	16353.51	10050.79	21804.665	6409.35
HNFNAGPSILPR	25062.9	15279.5	8111.61	NA	18170.9
HNILPLSK	48738.7	37108.2	NA	29984.2	NA
HNPTESILFMGR	13557.3	NA	NA	NA	5011.41
HNVMISTEWAAPNVLR	7473.57	6963.4	7244.42	NA	4412.94
HPLTDQGIEK	30866.4	29414.6	38863.3	33763.9	5310.17
HPNTIALEEVER	17383.3	NA	29130.6	15042.3	9695.92
HQELNQCLER	9741.62	4652.92	NA	4550.67	NA
HQGAWYVWNR	NA	23135.8	NA	NA	NA
HSMAYQDLHSEITSLFK	14714.5	28368.7	38405	20067.9	82217.5
HTASHVLAQAVK	13103.2	26611	6279.31	17413.9	NA
HTCGGTLIASNFVLTAAHCISNTR	34861.8	35964.3	35259.6	36909.1	25354.3
HTGLFPEQAANWDWFSK	NA	13996.1	NA	1347.91	NA
HTNYTMEHIR	NA	NA	NA	NA	4454.58
HTVEAGEDYIVVDGK	18394.8	11792.2	NA	7017.41	NA
HTVEAGEDYIVVDGKK	70434.5	42640	15512.3	36632.3	NA
HVEDVPAFQALGSLNDLQFFR	8815.3	13041.1	8993.89	43458	13023.5
HVETNSYDVQR	NA	NA	3261.82	4421.21	3864.41
HVNVYDILNSNK	NA	NA	NA	NA	23388.6
HVSNIKNVYK	NA	NA	6760.95	8733.59	4639.53
HVSPAGAAIGLPLSETLAK	19033.69	NA	59114.64	24048.47	32597.71
HWLVMPEYR	NA	NA	NA	22612.3	NA
HYAHVDCPGHADYVK	1177780.5	1133757.1	817540.2	1114254.1	287996.39
HYEGSTVPEKK	NA	7126.73	3475.01	20765.7	NA
HYRDMQDMEFTVEHGK	NA	2881	9696.75	7415.07	3001.3
IACDLVDEGHK	23897.9	67723.6	7812.96	19062.05	NA
IACDLVDEGMR	13537.1	NA	18019.2	9944.69	7267.84
IADDPVWEEAIVDR	NA	NA	25331.7	NA	NA
IAEFGTVFR	267066	386559	NA	198730	NA
IAELKQELFNLR	23397.85	NA	NA	2890.74	NA
IAELLSPGSVDPLTR	240087	493940	376520	168766	418115
IAEYMNHLIDIGVAGFR	20314.54	84938.5	130666.68	167710.3	117415.94
IAFEEAEHAAK	174119.9	185582.8	50800.3	74984.4	133988
IAFGGETDEATR	NA	NA	NA	6753.11	7058.08
IAFQYGITDLR	32754.6	32576.7	22164	24415.9	24100.6
IAGDDFDEALVR	34816.1	113946	31362.6	64561.7	NA
IAGEQLPAVFNVSAR	368107	133013	1578220	424378	131168
IAGEQLPGVFNVSAR	180866.88	82249.6	164846	251622.48	122386.24
IALGYTLDEIPNAITGK	22048.9	9076.05	48057.5	24212.1	8084.81
IALLHYVDGEKR	6188.69	NA	9897.28	8564.62	6325.49
IALLYYADGEKR	377614.8	194228.8	96849.4	603567	19004.76
IALTDKDGYFTLK	29568.8	NA	NA	3803.8	NA
IANYPFTTLEPNLGIVSYR	4930.94	4844.08	NA	NA	NA
IAPTAKPPVCK	NA	NA	NA	4773.68	11168.4
IAQWQSFQLEGGLK	NA	NA	NA	NA	9903.93
IASELYLKR	11659	NA	3151.88	NA	2369.02
IATELYLKR	56286.2	77213.5	7938.26	26666.8	1956.38
IATLGYLPTQQDVLR	NA	10382.3	NA	9773.1	15166.7
IATPPFKPDR	61087.7	NA	17803.2	NA	14352.9
IAVETFDER	21816.1	38703.4	NA	NA	NA
ICHHMDWLGIR	48970.67	33009.67	71061.8	89275.5	NA
IDAVPYIWK	15392.7	19395.5	37861.7	39353.3	5825.26
IDEEQVQLMK	14409.9	NA	NA	NA	NA
IDGVLHEFSSIPGVK	33646.6	45439	46931.6	35810.3	14541.8
IDILVNNAGITR	30793.4	40865.4	25035.3	38909	60359.5
IDMSEYMEK	10450.5	NA	6731.95	9134.16	6168
IDQMLSSDYETK	5757.21	NA	7655.19	NA	4419.26
IEDEQALGSQLQK	NA	33579.3	NA	8201.39	NA
IEEAALTGESVPVEK	10859.7	7400.54	NA	26661.2	NA
IEEQLTLEK	15438.7	20094.8	15563.2	NA	19007.9
IEFSKEQQDEFK	20860.63	12154.1	16128.88	8138.36	4899.61
IEKDTEGHLVR	NA	NA	NA	NA	6798.03
IFEETAANEKEHAK	21780.118	17262.753	11404.7	10726.6	32997.037
IFEETANNEKEHAK	6080.36	NA	NA	NA	NA
IFENDPFAKLDQIGVGK	NA	NA	NA	NA	4214.94
IFENDPFAKLDQVGVGK	36468.8	9731.1	60897.7	28164.7	4219.67
IFESGVAYFK	23344	10152.6	NA	NA	NA
IFETGPVFR	95848.6	82992.3	42333.3	161179	NA
IFIVAETPEDVLTLVK	82084.1	37416.74	38638.2	273511.04	1516.18
IFNDLQHTITGWPGGKPNADDTYRPER	70392.5	138310	5750.76	44293	13551.73
IFQIFEGTNEVQR	NA	NA	14681.2	60794.2	30311.8
IFSVEFLPGQFDQR	43778	268233.8	113156.49	72890.9	17249.3
IGADFLYSVSTLHDR	7780.23	5750.43	6313.48	123763.7	8315.8
IGAFLDWGLEK	9648.46	20583.4	12329.2	12520.2	4481.08
IGDTHEGTATMDWMEQEQER	28218.25	23849.5	NA	NA	NA
IGEDFPSDPK	15172	25058.2	42388.6	NA	17231.2
IGEDFPTDPK	60487.3	40715.8	110592	223259	56375.1
IGENKHTVEAGEDYIVVDGK	6752.71	3474.67	NA	3081.67	NA
IGEVHDGAATMDWMEQEQER	60018.1	30466.47	17895.4	NA	NA
IGGATFQVPTEIRPDR	298845	241705	12044.8	211388	NA
IGGQAMDAMAR	67510.9	43825.4	14145.2	16655.7	NA
IGLDLAALNMQR	NA	22486.6	31878.9	NA	22443.4
IGLDLPALNMQR	NA	63740	NA	49752.8	NA
IGLDYVSCSPFR	1443450	829551	779210	490443	202032
IGLGLQSFCIPGSVADDR	NA	NA	NA	NA	4803.29
IGLMLDLSPR	NA	24570	NA	15349.2	NA
IGLMPDIDSIPFIIAQEK	NA	NA	NA	NA	1801.02
IGMDISNIIWDR	21021.7	27214.1	NA	14825	NA
IGMTSVFSADGK	237743	72203.8	16138.3	106270	53038.8
IGTQGDDMYKDNR	NA	NA	8132.76	NA	NA
IGVGAENCADK	NA	14016.2	NA	5274.11	14538.9
IGVMFGNPETTTGGNALK	42415.1	75169.7	NA	55000.8	NA
IGYGLYVVTSNDGK	NA	NA	34263.8	15621.7	NA
IGYSWYKGER	NA	9308.49	NA	8408.38	9887.94
IHFGTTGK	64446	80527.4	58143.9	38657.2	18262.7
IHGCSHITGGGFYENIPR	NA	NA	7753.01	NA	NA
IHIVGGGSNAGYLNELTAK	24659.9	8252.82	70266.8	25022.9	7193.35
IHLTPDFIAGK	175919.3	146530.68	249233.8	393700.9	1049390
IHNELGWLPETK	20380.8	75947.7	28332.8	59170.1	18679.2
IHPNMVVK	34231.6	16525	39428.2	65335.6	9934.67
IHSEILKK	17522.4	23237.1	9798.69	8833.69	3906.5
IHVVGGGSNAGYLNELTAK	48622.5	NA	15987.8	28633.66	NA
IIDLSPDSMVFELIGKPDK	NA	NA	2712.15	NA	NA
IIDVVYNASNNELVR	12526.1	13078	NA	NA	NA
IIDYSLLSHVETPGLGSK	5877.01	NA	11366.94	NA	1773.65
IIFLENYDMQLAR	26942.6	9218.78	8447.67	6322.84	12637.03
IIGDHTDKFVQAYFQYDSK	107544	NA	37597.2	NA	NA
IIGDHTDKYVQAYFQYDSK	216948.2	265653	68057.5	351561	7358.55
IIGIDLGTTNSCVAVMEGGKPTVIANQEGAR	4747.82	26708.9	NA	NA	495.547
IIGMGGALDSSR	91849	89756.2	61443	50826.5	158622
IIGTLQNSAEFSEAFHCR	33545.6	64171.97	42561.9	41466.98	224267.16
IILTWTAPGDNFDVGK	11383.8	5429.02	10717.9	15443.2	17132.9
IINEPTAAAIAYGLDKK	6605.3	8650.36	8635.91	NA	4119.37
IISNASCTTNCLAPLAK	1178620	1826950	112644	774951	4815
IITGLPDTYGR	428583	166234	555161	443212	501745
IIVTEIPYMVNK	NA	NA	NA	11550.4	10533.3
IKSEGDFEAAR	8042.95	15007.9	NA	NA	NA
IKVPESVMGVK	230776	87596.8	25288.7	87690.5	NA
ILAMNESGKK	269451	187774	17421	138055	NA
ILDLDKLLDR	19591.24	14288.58	33236.72	7152.1	NA
ILGMGDIVSLVER	NA	NA	NA	5171.43	NA
ILGMGDVVSLVEK	NA	NA	6089.73	NA	6110.42
ILGYDKENFVVK	NA	NA	NA	11468.7	5778.51
ILIEPCAVLIHAVER	44853.6	NA	18025	23177.1	34423.9
ILIEPCAVLVHAVER	181705	55769.5	231027	111682	45174.2
ILMSQHIGAPAK	10967.7	8923.65	7890.78	9814.99	NA
ILNNVWNYDYFGDAR	3666.97	NA	10520.9	4867.3	NA
ILNSVWNYDYFGDAR	NA	NA	7788.05	NA	NA
ILPGFVDNSITNPYGDGK	NA	NA	NA	NA	13884.7
ILQMHANDRK	83782	NA	150624	NA	4039.57
ILVCSGTGCIATGSNK	18569.5	7296.72	61787.8	27241	6606.33
ILVVDDESR	32450.3	25158.3	49012.2	48204.1	32478.9
IMTAWLQTWSDTEDKPQGCK	NA	6858.12	13449	4467.93	NA
IMVNAHEATRPTGICR	NA	NA	3310.67	NA	NA
INDITANNLSQSTSLVWGGK	NA	NA	NA	8724.05	NA
INGFTYVQTK	311760	326924	48344.2	268460	11257.4
INGIPQQHTQVLFIAK	127162	134939.6	108336.16	197550.3	620748.3
INIGLTFNER	NA	NA	NA	NA	24020.6
INPLIGNAGVSAVPDSAR	32708.1	6138.76	31139.8	10446.5	27934.2
INSDGSSTSYADSVK	NA	6535.58	2524.18	NA	7149.92
INVNEIFYDLVR	NA	6450.74	NA	6850.15	3360.67
IPAVYDAVKK	161317	82813.6	145027	161409	NA
IPCFLAGDTR	70779.6	295838	277899	325472	143747
IPEDVAFADSR	15069.5	67520.5	49790.7	NA	94498.9
IPEFNSIIGQR	146391	679573	365532	492560	81213.6
IPEGPIAEK	495593	49343	319644	NA	195820
IPEIVECHFTTGPYTMLTK	8796.97	NA	NA	NA	6668.39
IPFVTAAMDTVTEAK	108375	NA	254919	NA	6267.06
IPNPFMPDTPQR	NA	NA	NA	NA	44077.6
IPVEFTYDWGVIQK	NA	NA	114533.5	NA	NA
IPVSMHNVPEKDIYRPAAWNAFGMDK	NA	NA	13469.1	4073.85	NA
IQDKEGIPPDQQR	NA	67712.9	NA	26395.5	74413.7
IQEGINALAGYAEIFQR	84663.1	28028.8	49316.4	18149.9	22456.2
IQHGSAWWFNDHK	112003.7	88310.15	66666.14	188784.1	NA
IQIGNTYEGRPIYVLK	21281.6	15749.2	NA	NA	32017.3
IQITEMSDDKR	NA	NA	NA	NA	1792.36
IQLVEEELDRAQER	13265.6	27416.1	NA	NA	NA
IQLVGFGTFEVSER	25826.9	164879	41222	34420.6	16928.3
IQNAGTEVVEAK	NA	46109.5	NA	13722.7	NA
IQVFEGTVLK	124303	242874	264269	123503	120217
IQYGGSVKPATLK	NA	NA	NA	91419	NA
IRDTDMAEEMVNYSK	8129.95	31652.6	347124	62563.98	NA
ISCFDVILNNEVTKK	12033.2	NA	NA	7727.71	NA
ISEVIDETQVVEGDLR	NA	NA	NA	NA	16745.8
ISGVNAVQTSGQPGSAVAVSVR	NA	NA	185617	131336	NA
ISTSILDLR	251116	173354	462498	613270	1753630
ISVAVNKDNVTSGVIASAK	NA	NA	NA	3541.92	NA
ISVINNLLDK	27919.4	11747.7	64610.7	36050.5	16903.2
ISYAMFMGQLGNVEAIYR	NA	NA	NA	NA	1819.98
ITDIDETAPDVEWQR	508202	NA	NA	51311.5	NA
ITDIMFEGTDEDLR	NA	NA	NA	NA	2930.79
ITDMDLPLIPR	37476.5	13571.2	28135.4	66900.2	NA
ITEAVGKSTNPANYLLAQK	176964	120108	38568.3	55404.4	NA
ITFLDTPGHEAFTAMR	32904	13649	40000.5	37447.1	16332.3
ITIYAIKDAK	19763.5	9712.61	NA	NA	NA
ITLSQVGDVLR	48712.4	31505.3	20340.9	18347.4	7085.03
ITNNMFCVGFLEGGK	200874.3	54420.5	510543.6	48721.4	785921
ITPNNNGTYACFVSNLATGR	NA	NA	NA	NA	4466.12
ITSIYEGTTQLQTVAAIR	4412.2	NA	3786.31	NA	9593.46
ITSNMFCVGFLEGGK	NA	NA	29187.3	NA	23287.5
ITTDMNGHDINNK	NA	NA	1037.22	NA	NA
ITTYDEYLESDEMAR	9924.28	20965.4	NA	15122.2	7145.39
IVFLDTPGHEAFTAMR	26197.6	NA	36256.3	NA	14483.8
IVGLQTDKPLK	NA	NA	NA	NA	3917.04
IVGSMGPIAPNR	5011.59	NA	15756.2	18017	15629.8
IVGVDLPQNKR	115001	18338.9	NA	53302.7	NA
IVINMGVGEAK	120528	45530.9	280445	139341	172170
IVINQGLGMAVADK	19393.4	NA	NA	21695.5	12810.3
IVINQGLGMAVADKK	31768.2	4871.33	7617.48	24557.18	10910.6
IVLTVLVSDCGEPVLGTK	37665.2	40338.4	32635.4	66309.6	7367.99
IVLVDNKCK	NA	NA	NA	NA	11899.2
IVMEDPDGNKIEGPEFK	27093.6	NA	53984.9	34370	NA
IVPATCEIVDIAGLVK	4818.95	4862.67	NA	21821.4	NA
IVPTIAIPHPLGNPALEKDEEYALR	20381.1	5068.67	84255.6	34258.3	NA
IVTIGGGSSYTPELMEGFIK	7948.89	10120.3	33466.4	9678.32	36068.1
IVVHKDWNSNQISK	111970	434227.99	116300.1	171503.5	550804.9
IVVQGGTFYNEAVLR	NA	NA	NA	9991.19	NA
IVWDVGHQAYGHK	9441.65	6276.95	NA	6751.16	NA
IYHISQAIYGGGQPSGEAHAR	NA	NA	20422.4	20687.4	14632.4
IYNLDFPDVIALR	NA	7535.31	8913.63	6070.05	NA
IYSGGLGMLAGDYLK	12305.2	27265.8	NA	8169.2	NA
IYTNCEDMPK	38029.3	25128.9	53221.8	39706	NA
KAAAELGYPVIIR	23018.1	20481.9	4106.82	10324.8	NA
KADLPFLMPVEDVFTITGR	43681.4	7734.66	4554.46	19334.8	237366
KAFSLAIDR	NA	NA	40826.6	NA	34372.7
KAGEPLSPGANPSYGAEQNGLLASLNSVAK	12772.5	NA	16156.2	NA	8613.44
KAHPDWNVKPEIMIPLVGDIK	28713.3	NA	NA	58761.2	8916.45
KAIEVAVSDDAK	NA	7277.48	NA	NA	NA
KAISLGVSK	109316	29694.3	124179	33716	8649.04
KALVEVEGDIEK	NA	NA	NA	11117.1	NA
KANDMGVICGVTTNPSLIAK	2221.93	NA	2547.47	NA	NA
KANVGGEVLAFVW	NA	NA	3687.11	3545.05	NA
KATGLPAATSFK	11188.8	17267.5	10340.3	14193.2	8465.02
KCSVINSQTFATCHSK	6019.73	NA	13395.1	NA	24269.8
KDEGDFVEQTFTK	NA	NA	5081.85	NA	NA
KDFEQDFR	30437.1	86467.8	NA	39697	12996.1
KDFVENYIFPTLK	11314.9	30294.1	19769.95	31359.3	NA
KDGHDEASGIFK	91567.4	135036	NA	38928.06	NA
KDLQNFLK	27526.3	215455	77586.6	775172	50294
KDNDFIYHDR	NA	NA	NA	NA	9485.06
KECNIESGSGVPNK	1635.34	NA	NA	NA	NA
KEDLVFIFWAPESAPLK	NA	NA	NA	2727.41	1057.98
KEEGELSFAAR	NA	15968.5	NA	7759.46	NA
KELSSATTTNINLPFITATAEGPK	15992.7	22697.3	28356.9	28799.4	9107.27
KENADAICHGCTGK	6947.06	NA	6074.67	NA	NA
KENLDIAGVMNVLNK	10847.2	NA	7329.19	NA	4238.92
KFGDLENPLLVSVR	332022	35209	122661	67363	6732.63
KFHYLPFLPSTEDVYDCR	NA	13396.7	33590.1	4496.34	5997.13
KGDAVVEMNYK	6049.16	9369.11	NA	NA	NA
KGDTFSCMVGHEALPLAFTQK	893831	1107986	2720392	2686919	2883490
KGELTVEQGK	NA	12295.1	4997	7293.24	NA
KGETFSCMVGHEALPLAFTQK	1227221.9	1946958.91	1824834	987583.9	2169435
KGIITGVHSAK	4040.2	4232.42	4437.54	5310.01	3825.31
KGNLSIDSENIFPIIK	NA	NA	NA	NA	4523.45
KGPFADAHLLK	6122.89	NA	1708.04	7480.41	NA
KGTVLTQMSK	27818.6	18008	29325.3	30332.7	8381.4
KGYWPSYNVPFHEK	NA	22277.2	14174.2	15296	16059.6
KHVPVYVTEDMVGHK	97344.9	54863.2	80575.7	49984.1	48720.3
KIAEQELLDASER	NA	4216.3	NA	NA	NA
KIDEMGGAVEAIDK	16752.9	27301.3	NA	21778.6	NA
KIEDISGFTHGVGWCAPQQGACK	98523.9	174398.5	79373.3	75317.79	9959.44
KIGMTSVFSADGK	39976.5	13786.7	10592.1	15823.8	13544.2
KINWLDTTVK	22553.4	NA	52365.7	NA	8412.43
KIPDAIFIVDPK	20354.1	NA	24504.5	30033.2	34621.1
KIQEILTQVK	3614.25	NA	33845.9	25509.7	NA
KISEYGLQLR	32655.5	NA	NA	NA	21728
KITDMDLPLIPR	13068.5	4688.91	10283	24977.58	NA
KITFLDTPGHEAFTAMR	NA	13041.9	8112.76	10270.5	5269.57
KKPENPEYVER	15175.5	NA	12373.4	19227.4	10073.8
KLAEQELIETSER	NA	NA	NA	3603.71	NA
KLDFIILNETK	8186.15	9437.03	11055.4	NA	7038.19
KLEMLPIECIVR	76499.1	241871.4	139320.6	153472.2	34497.74
KLGAEMDLFSFPDEIGPGLAVFHPK	NA	12317.28	3248.46	5466.68	2196.78
KLLMVLPEANK	17542.5	NA	NA	NA	NA
KLPGQMGHVTR	7425.89	NA	12498.7	NA	27359.75
KNILSQIVDIDGIWEGTR	NA	NA	NA	NA	1367.34
KNIVAGNWK	NA	NA	NA	NA	10247.4
KPAEDEWGKTPDAMK	28129.8	30261.4	15420.5	9968.37	11918.7
KPAFAVQAK	13107.7	NA	25963.8	14561.5	NA
KPDQHFKPYLTPDLPK	NA	NA	NA	NA	26625.2
KPLDFETAAVSNIVFK	NA	13669.9	28042.7	12594.6	25449.5
KPTVFTR	621132	640733	1228340	313482	4297970
KQYDFER	41464.9	NA	35940.7	54533.9	NA
KRPGMYIGSTGER	15651.6	19168.7	NA	41774	NA
KSDIGDIFGLEGFAFR	NA	NA	11016.6	5546.66	NA
KSDLAGASASMDEK	NA	NA	30748.5	17907.8	NA
KSGGITVSHLR	18229.5	NA	65828.5	NA	NA
KSGGVTISHLR	NA	14584.9	24080.8	28058.9	NA
KSIAQILLDEGYIK	27099.7	12557.8	14798.7	18555.7	2273.15
KSLEEAGAEVELK	54349.6	NA	NA	NA	NA
KSLEFAQAGDNIGALLR	91232.18	30960.1	50533.56	16042.2	NA
KSPIQDDYIEK	6299.2	8050.76	NA	6894.93	NA
KTGGVTISHLR	1036982	1445923	453866	1357329	22061.6
KTINQWVK	21148.9	54426	22484.9	21542.5	33806
KTLNNDIMLIK	NA	4281.11	18646.7	NA	9739.77
KTMVCAGGDIR	86159.5	424948	100819	128946	422110
KTMVCAGGYIR	1102824	660106	1318987	1461723	1683480
KTSTTTEIEFNDEHSPAVK	NA	NA	11326.5	NA	NA
KTYTLTDYLK	12961.7	12860.4	17370.9	15177	13760.5
KVGLGHGNLGK	193202	105924	206144	101578	72162.8
KVILAAADTFR	NA	NA	9685.58	NA	NA
KVLGAFSDGLAHLDNLK	NA	NA	NA	8788.69	NA
KVPQVSTPTLVEVSR	30832	45091.8	36377.7	30518.8	13668.9
KVTEEDFYK	18336.5	16153.6	13440.2	NA	72314.8
KVVISAPAGNDLPTIVYNVNHETLTK	16009.1	NA	NA	NA	NA
KVVVTGIEMFR	5597.74	NA	19349.67	NA	NA
KYAFDDEGR	8419.24	NA	6753.97	NA	23636.8
KYFSVASGGGTGR	66172.5	65773.6	39842.2	53732.2	13745.7
KYGAPLITNDGVTIAK	15926.3	5137.21	6729.02	7118.06	NA
KYGVQVIGCPK	11972.2	27798.4	NA	16336.2	NA
LAACNVANAQQCVPVSMTGR	3831.64	3227.5	5324.48	3746.07	NA
LAAEGVVDGYPDGTYGGDK	405726	NA	NA	NA	NA
LAAIVTHVADAR	NA	NA	NA	NA	2668.36
LAAVHAIADLAK	2870.1	NA	NA	NA	NA
LACIDCVTDALTKR	5063.32	5726.01	NA	11169.71	NA
LADFALLCLDGK	NA	57594.2	31311.8	120805	NA
LAEELAEVLGGVVGGSR	13960.4	NA	2642.63	NA	NA
LAEGADVSDYK	8604.43	NA	70963.3	32426.9	NA
LAIVERPVTAVK	2392.8	1468.66	4288.35	2148.77	NA
LALHQLVADGR	251813	73105.6	NA	89514.9	NA
LALHQLVTDGR	127939	16247.3	NA	NA	NA
LALMEGPDFPIALGVIR	4176.45	NA	NA	NA	1454.87
LASALDYETLYTFK	13801.6	NA	22844.1	57110.1	6583.69
LASYGDIFVLDAFGTAHR	NA	31359.1	NA	NA	NA
LASYLDKVR	NA	6178.58	46540.7	21938.8	NA
LATKEDMTSQIATLQAALTTAAK	NA	NA	9735.66	NA	11066.5
LATLFYEPSTR	64852	38907.7	111571	98137.4	22461.5
LAVTYPEIAAMQTR	146403	131964	155405	228885	NA
LAYVWNNDIYVK	99889.4	132097	84975.6	70591.8	91815.3
LCGACGNFDGDQTNDWHDSQEKPAMEK	4715.15	4018.09	2541.12	11116.53	3735.85
LCLISTFLEDGIR	28919.5	13189.3	7591.06	5189.22	8359.06
LCVRPTSETLFCDFYK	7013.31	NA	4816.72	NA	NA
LDAFLVLEQLR	NA	19465.5	NA	NA	NA
LDCLLCLGGNGTHK	14124.6	17711.8	15137.75	18337.31	NA
LDDFDELSEVAQK	15014	14092.4	73790.7	19804.7	253315
LDEAEQLALK	23962.7	NA	NA	21000.2	41834.6
LDKTNIIHCPIGK	83623.5	22258.4	84170.8	33054.2	11423.5
LDPVIGRDEEIR	15459.6	20572.7	17749.3	15645.1	7324.53
LDSELKNMQDMVEDYR	NA	NA	7904.48	NA	NA
LEDGVQACHATGCGR	40812.08	19197.8	37395	44419.787	99938.32
LEEAGGATSAQIEMNK	NA	NA	NA	NA	3385.09
LEELSGLSAEEAK	181339	113687	NA	79137.8	NA
LEEMPGEEGYPAYLGSR	4024.34	NA	5280.9	NA	3740.79
LEFTAHVLSQK	12579.1	12239	13304.9	28243.4	9159.15
LEHTIANLDNVSENTSSAESR	NA	NA	NA	7748.37	NA
LEHTIDNLDNISENTSSAESR	75420.2	9125.91	NA	44630.9	NA
LEIPAELAVMLK	NA	NA	NA	NA	4629.92
LETSPEDITGMK	195958	102232	199342	89533.1	64550.3
LEVYFSPGHFAHGSDRR	13564.36	12124.81	12748.69	NA	13318.31
LFADEYPIQAVVNKQDLLDAISR	NA	2979.05	NA	NA	2571.93
LFFTPNEQLQDKK	29497.3	10026.5	51979.5	NA	NA
LFLQFGAQGSPFLK	15619.5	11253.7	NA	NA	NA
LFNDGLGFR	19394.7	NA	15864	NA	21670.2
LFVETLHITK	NA	5875.5	NA	NA	1402.41
LFVTGEPDVVAEFYTRNK	NA	NA	11154	NA	NA
LGAHQLDSYSEDAK	10782.7	NA	1430.23	13496.63	8837.75
LGAMALFGEK	38781.5	21333.4	37656.8	41544.4	10321.6
LGAYYTTPYYK	NA	NA	NA	NA	17704.2
LGCGNSILIK	NA	NA	59366.1	NA	NA
LGCNYYHKPSVFTR	1028958	3585860	1090823.6	1528154.65	4675597.2
LGDVMNAFR	39961.3	84535.3	NA	43843	NA
LGELVATHVIPRPHTDVEK	459003	157124	701343	414880	87355.7
LGENNAELNALAK	552375	186981	976509	2626760	1912910
LGENNVFFLPYLMGER	NA	NA	11080.4	NA	NA
LGFLPGDLSQK	78598.3	NA	63487.8	44108.8	14989.7
LGGDDFDKR	91457.8	12489.9	139992	NA	9593.34
LGHIMWEYVGMGR	13731.7	5727.78	NA	18255.7	39649
LGHMVEDK	59135.2	38747	NA	29422.1	NA
LGIQAFEPILVEGK	176480	168362	194326	170010	61304.9
LGISWDEFIGMGR	27402.4	63778.9	NA	17732.2	NA
LGIWVAHGEGK	59174.9	19720	61163.6	46869.6	48164.1
LGLLGDSVDIFK	74466.8	41236.6	56191.3	8911.02	268755
LGLVPYGEICGQK	29052.1	15675.3	61218.5	30961.4	9563.91
LGMFNIQHCK	33913.7	86757.1	66361.2	48661.9	69428.3
LGMGYGLFELK	16909.5	18253	NA	NA	NA
LGNGSHSAVSPLSLINPSDIVSMEVLK	NA	NA	95176.3	56137.34	NA
LGNSEDYDKAFEK	NA	16987.32	NA	7539.3	NA
LGTGEAVAFENIDKAPEER	16805.5	NA	NA	14688.1	8667.31
LGVQDLFNSSK	45227.5	95357.1	72247.2	43951.6	73420.2
LGWGQTGNSNIGGYK	NA	NA	161542	105955	NA
LHANGVAIQLPIGQEDTFR	71939.87	54629.88	79725.99	127551.39	NA
LHAQDGVDFVTLHCGITR	36110.1	39899.3	20678.5	36984.6	NA
LHEIFTK	121676	21122.1	172326	71372.3	107420
LHHLVDDK	51804.8	54723.3	29772.6	46715.2	17086.1
LHLLMVDDHIPAGAK	NA	NA	8385.12	NA	NA
LHMAATCLHYGQEAFEGLK	66739.1	101811	17986.8	52473	NA
LHQFDKVEIVR	82187.5	228549	26140.8	91572.7	NA
LIDDMVAQVLK	8855.05	NA	8108.31	NA	7454.36
LIEHINTHPEFIQPVSR	14289	7899.97	NA	NA	6342.32
LIIDFIPNHTSDK	6411.72	40357.5	66329.4	6805.55	108774
LINNIMLDGK	185072	58569.4	284630	204938	105092
LIQGNEYIFR	25148.1	NA	NA	NA	NA
LISWYDNEFGYSNR	75053.3	124931	64678	68019.4	59861.1
LIVGGFEGVYEIGK	5774.43	6724.8	9637.64	35166.2	5941.09
LIVNSDSTLVTYQHFK	3239.23	NA	3585.48	3838.14	NA
LKAHDENNECNIGDTVK	32327	8438.18	68404.9	27670.6	7722.04
LKDMGFQYSCINDYRPVK	8435.84	10586.8	9921.36	6010.43	NA
LKEDAESYLGEK	NA	10809.1	NA	NA	NA
LKNIISGGVVEK	11184.2	46381.6	13504.8	24502.9	10698.1
LKNLPSSPVFGSNVDNVLLTAEYQTSNR	13722.7	17143.6	10851.9	5704.68	6505.09
LLDEAQAGDNIGALLR	1647970	723036	2513630	1918780	1413120
LLDFAFNTPADPLR	11889.2	NA	NA	NA	NA
LLDNWDSVTSTFSK	14261.6	NA	NA	NA	7542.48
LLDQAIAGDNIGVLLR	NA	3212.57	NA	NA	NA
LLELGAPDIIVR	474571	237550	508652	444939	131565
LLFDDIPYLK	6560.76	6768.8	9173.49	13358.6	NA
LLGALEQSQLASGATR	NA	NA	NA	NA	5220.48
LLGAQIIGYEGVDKR	NA	NA	10560.2	NA	NA
LLISSLSESPASVSILSQADNTSK	19051.2	19953.5	10537.5	15354.3	7190.16
LLLIGDSGVGK	NA	NA	NA	NA	23830.9
LLLQQVSLPELPGEYSMK	3967.14	NA	8391.41	NA	2913.64
LLPDIYGWPVATENWEQK	65204	123396	130497	116957	293420
LLRDYQELMNTK	NA	NA	20058.66	NA	NA
LLRDYQELMNVK	NA	NA	5708.03	NA	NA
LLYAYGEATVPK	61813	33144.8	57110.6	56166.7	66198.9
LMPGTPMVAVFDTAFHQTMPEK	7607.32	NA	NA	13506.7	NA
LMSELPFMATENIMMDAVK	5753.58	6424.39	5172.73	7772.49	NA
LMTGSQLNCGFANITTDTK	15761.57	11542.3	NA	NA	36692.55
LMVTGGVEPTQENLTSWIK	16255.6	5985.28	4830.09	NA	10903.7
LNEDQQMIHDLAK	NA	NA	17723.76	13839.74	7390.49
LNEPVEIVGIKPTQTSVATGIEMFR	NA	100416	NA	NA	NA
LNFKEIFLEIDK	NA	NA	938.532	NA	NA
LNIPLMSAGMDTVTEHR	18380.2	8302.19	24577	16355.3	6565.23
LNIPMLSAAMDTVTEAR	NA	15116.4	NA	NA	NA
LNKVEEVMNAVYAK	NA	NA	31768.8	NA	43374.8
LNLIITSDHGMTTVDKR	375678	368655.34	571545.44	333504.2	544516.34
LNPSIVFDYGNK	13185.9	NA	23401.5	NA	NA
LNSAIAQAYYAK	NA	NA	23780.3	6894.56	7445.34
LNTHIGIGIPWDLDR	57322.8	14934	51269.2	44550	33267.7
LNTMILLNEK	21570	NA	55996.3	17660.3	NA
LPAAASGGTSICSGLR	25482.7	30238.1	53062.4	67182.5	204311
LPGLVYDNVLK	14388.9	NA	NA	14385.9	NA
LPIGTMEVVDNFPYQALR	NA	NA	NA	NA	2794.35
LPNPFMPDAPQR	88672.7	57965.1	47739.5	59841.3	NA
LPSDYIYGIGEQVHKR	15734.35	19991.75	22454.16	13855.15	25213.4
LPVVDYKHCSR	23295.35	18142.95	26546.5	26440.4	9359.55
LQAAEEHVEAVNAK	1767.32	2866.03	NA	NA	NA
LQDLVDKLQAK	46551.1	62215	46157.34	29445.61	13139.29
LQFLFHSDSSHNEWGYK	NA	8509.2	NA	NA	4316.75
LQNEVEDLMIDVER	NA	11113.3	NA	NA	5022.91
LQQAALPLLSNAECK	107729.1	123698.5	288377.9	99366.49	476221.1
LQQFFNHHMFVLEQEEYKK	12958.9	26274.9	29591.55	12550.7	46979.65
LQQGLQPVVDHATCSR	2272964	1759212	1735031	2194230	1981025
LQQQLEIEEK	12044.6	NA	19535.7	17346.2	6931.99
LQSFIINHAEK	12055.6	12004.7	33843.1	NA	74512.2
LQSIGTENTEENRR	8634.13	9928.65	NA	NA	7824.28
LREDTQYDYK	24565.8	12538.2	18924.4	NA	NA
LRLEDALAATR	65065.8	31141.2	124269	51138.3	18528.9
LRPIINNDR	6474.49	NA	8686.79	NA	NA
LRVDPVNFK	598287	123978	54373.5	70357.2	104821
LRVPAAYAASLCGLCGNYNQDPADDLK	70695.7	48511.1	30116.1	15754.5	22230.4
LRVPAAYAGSLCGLCGNYNQDPADDLK	145208	178335	75999.6	69217.7	90550.8
LSAMVPLSEMFGYATNLR	15409.4	7727.73	22104.5	6230.04	NA
LSCAASGFTFDDYAMHWVR	NA	NA	8844.91	10510.7	23782.3
LSDAGQYLCQAGDDSNSNK	14004.2	17570.1	57733.5	17661	143932
LSDSFETAAAILKK	3986.01	NA	1094.53	NA	NA
LSFFWNAHNNVLEEVAK	125142	236238	42801	348826	39690.9
LSPINQILVER	NA	22077	NA	13660.3	NA
LSQMQNTQFQLADMHTR	64528.54	48142.33	29915.5	35973.2	NA
LSQNNFALGYK	NA	7603.76	9892.71	9429.09	6818.46
LSTTITGLEMFR	74838.7	86002.9	97986.6	174828	NA
LSVEALNSLTGEFK	24855	26335.2	15444.5	23034	6000.06
LSWTQVETGSAITWK	14456.1	15972.4	NA	13762.7	4407.26
LSWTSEEVDAK	22367.4	NA	NA	34208.4	NA
LTCTLSSGHSSYAIAWHQQQPEK	NA	NA	3554.78	NA	NA
LTDNFGFTGDFTYIVQHPK	5666.75	5918.54	NA	24687	NA
LTDTFMGFHCGNTPSCK	4254.73	NA	NA	1947.31	NA
LTFDSSFSPNTGKK	12096.6	7487.38	5621.7	18966.1	8886.08
LTGAVMHYGNLK	9729.86	11221.8	5276.74	NA	9290.38
LTGHLGDTADVSAFYLKPTHK	57791.7	NA	73785.1	NA	NA
LTGLLDLALEK	70394.1	478927	849437	648521	953682
LTGLLDLALEKDYVR	56245.4	326921	550909	471321	483062
LTLCNLSIEMGAR	19866.2	49137.2	NA	23549.9	NA
LTLTGNLGDVMK	22420.1	22474.5	NA	19213.9	NA
LTVAGMGDALATYFEAR	NA	NA	9773.54	6436.41	12029.1
LTYQPEGGEK	NA	NA	NA	NA	32357.2
LTYQPEGGEKEK	NA	NA	NA	NA	11132.4
LVDVSQHMIVR	14890.1	27855	NA	12494.5	NA
LVEDGIVDGWDDPR	22965.9	37031.7	26963.5	23621.5	7519.66
LVEEFMLLANR	40308.1	54591.9	NA	NA	NA
LVHVSTDYVFSGR	30011.6	30004.1	36134.9	37237.1	NA
LVINGNPITIFQER	NA	55225.8	35794.4	39830	47381.8
LVINGNPITIFQERDPSK	NA	19400.5	NA	15413.2	20954.3
LVLLGESAVGK	28831.3	19775.8	NA	NA	30574.8
LVMELTFDKGR	13820.9	10741.7	NA	NA	NA
LVNIDTYLAEVTK	18084.1	14499.6	388282	31707	NA
LVNQGMIQGR	56543.9	108182	NA	75161.9	15752
LVNQIMYDGKK	11329.43	NA	17240.92	NA	NA
LVSGVDIWLNTPTRPLEASGTSGEK	1953.51	NA	NA	2342.83	3832.26
LVSGVDIWMNTPTRPLEASGTSGEK	24666.9	38429.3	6476.31	18036	7270.08
LVTDTYSPVMMTK	70186.1	50931	36730.8	82141.4	238557
LWTNGPIADKLQQGLQPVVDHATCSR	5762.46	NA	NA	NA	NA
LWTSPTFQWLIPDSADTTATPTHCAYDR	1505.73	6066.72	NA	NA	NA
LYDTLTGIQMGR	150246	32499.3	213993.9	49823.1	36217.39
LYDWIPQNDLLGHPK	NA	NA	NA	NA	3807.73
LYLCATPIGNLEDITLR	NA	NA	6354.6	NA	NA
LYLGNLDSLR	75749.6	158086	30585	72585.4	60052.8
LYLSPQCGFASCEIGNK	13468.5	18207.6	19643.3	NA	9255.67
LYQDLSLLHANELLLNR	7218.71	19868.13	26123.46	8527.88	37801.87
LYQQHGAGLFDVTR	4817.75	6327.88	6504.33	5450.93	3745.25
LYTNCTAAVLR	14876.4	14484.9	41510.6	31783	13340.9
LYTNGPLPDK	2237190	1534380	1998350	2885120	2837360
LYTNGPLPDKLQEALLPVVDYEHCSR	344708	1925489	730468	817599	582944.8
LYTNGPLPDKLQQAR	3952430	2198620	1914275.8	1990066	2053687
LYVDTLNMIHYMHDK	19082.54	NA	32304.98	25598.9	50911.68
LYVVDAFCGANK	84785.6	98483.9	175505	122269	65017.9
LYVVDAFCGANKDTR	23299.1	27528.6	42778.1	33022.3	12779.9
MAALSEIQWTMPEKK	9862.99	NA	5585.56	NA	27628.31
MAASEAAVVSSPSLK	NA	NA	NA	NA	2139.38
MAEMTLAAAYYTTNSAR	5251.54	NA	NA	NA	NA
MAEQACTTYGYQPSEK	8216.86	2230.71	3528.79	4042.63	NA
MALNDKNEIIAFEFLNLGK	5567.77	5841.74	NA	9179.61	NA
MCPIETPEGPNIGLINSLASYAR	6681.66	NA	NA	NA	NA
MDDVVFEEFK	11865.5	40373.3	6575.15	13378.4	NA
MDEVIFEEFK	27057.2	22852.8	6635.54	12199.2	NA
MDFSDSDLLK	24719.5	29283.9	22175.9	41423.7	19195.8
MDKNISFTLK	75975.6	6631.24	40904.37	5832.57	32488.07
MDVIGNNIANVNTVAFK	23559.1	8236.23	101045	13376.5	NA
MEAVIDDPFILITDKK	47252	NA	126310	50537.4	17434.2
MEGDLNEMEIQLNHANR	19784.42	15864.24	3458.26	NA	NA
MEGDLNEMEIQLSHANR	NA	NA	NA	NA	3691.44
MFEVLGFTPER	54373.6	122265	NA	37145.7	NA
MFSGEALFQNR	NA	NA	15881.3	16061.6	NA
MFYSIYDNGAK	54793.2	26208.7	83127.7	46155.2	NA
MGDPETESVMLR	NA	32822.9	NA	20248.1	NA
MGGQMGGDR	69458.1	35490.5	9249.33	38867.1	7479.94
MGIDELSVSPTFVLPIR	2571.75	NA	NA	3950.92	NA
MGNTVLLATVCAAK	42269.5	27055.3	NA	24304.7	NA
MGVEETGMGNVGHK	NA	NA	NA	NA	2638.929
MGWFDCVASK	37266	10303	40964.3	30094	15506.8
MHEGDEGPGHHHKPGLGEGTP	12909.72	137502.3	54403.56	430981.5	21856.41
MIADLGIDFLAAGIGNIHGK	109467	10932.5	16242.3	20400.39	69086.48
MIQIQPWESSLIK	NA	NA	21557.3	NA	2706.6
MIQMVVENAHK	NA	NA	9574.43	NA	NA
MIVQHNITAMNANR	92153.54	NA	NA	122985.7	NA
MLNLPLEEIKK	NA	NA	14431.42	NA	NA
MLQNVQMPSK	49168.4	55683.7	46282.8	29881.4	74240.32
MLSSFLSEDVFK	16951.6	31394.1	112280.9	75126.3	251795.7
MLVSATEMLK	90900.4	255095	61753.9	145766	18627.6
MLVSATEMLKK	100390.09	83998	21786.42	37058.69	2948.81
MNAYVASVIDYVK	17981.9	22654	14141	29373.6	NA
MNELAVQGANDTNQSIDR	28793.53	NA	NA	33309.24	NA
MNKYELALVVNAK	NA	NA	NA	2193.68	2889.79
MNQISPLAFVHPEAK	12445.5	15416.9	NA	6814.8	NA
MNYCPLGSGALAGTTYPLDR	5778.75	4245.17	NA	NA	NA
MPDLNAASIEAAMSMIAGTAR	11408.18	20907.75	5089.95	16552.21	2280.95
MPLFEHYTR	NA	NA	30788.9	NA	NA
MQAVINLYSALGGGRE	NA	NA	NA	NA	6706.4
MQITDTIADLLTR	198089.2	NA	376044	6774.12	6357.92
MQYSQEVENMCPVAK	1446.36	NA	NA	2951.67	NA
MSETCVQVHR	10922.2	NA	15959.8	2708.86	24520.2
MSSSMVFTTSK	19367.9	91638.7	25719	131878.9	11579.1
MTTPLVEMDGDEMTR	NA	3298.16	NA	NA	NA
MTVLLITNDVLAR	NA	21995.5	17011.2	17789.3	11801
MVAVLEEPLILITDKK	NA	NA	20469.1	NA	NA
MVGEIEKHHEER	37129.5	13141.9	17467.7	13488.8	10124.9
MVMNDNTWYIVR	6509.71	NA	5214.37	NA	NA
MVVQHNLQAMNANR	NA	NA	NA	NA	60039.57
MWVNTYNDLPAGAPFGGYK	NA	8803.21	NA	4138.1	NA
MYPETFLYVTSSAGIR	23028.5	34319.9	35672.2	22102.5	60756.6
NAAICFSKAPYNK	6516.06	4395.32	12327.3	6816.76	7423.75
NAIADACTGSNPR	302081	143963	372028	189857	8625
NAIGDACTGSNPR	21189.9	19206.2	106350	45565.4	NA
NAIIIAPHPK	31338.3	8766.96	33401.9	31049.6	NA
NALAHALQSAR	NA	8091.81	NA	8354.54	NA
NALTTLPMGGGK	163820	65411	63187.3	149970	60642.4
NARATLSILTITSNVVYGK	47996.8	NA	68509.4	17914.9	NA
NASGDSGFVPNNILDIVRPPESGLGR	NA	NA	NA	NA	1789.32
NCGHIVVGEK	4820.42	3473.86	3937.22	NA	NA
NCGYPGISPEECASR	135216	273674	168097	13419.6	3552000
NCQDQTFCGTGPVSEPETK	14135.7	18583.1	5721.79	10721.4	34404.2
NCYATPTEDKADLVK	392340.6	4741.07	620962.3	235511.4	430687.8
NDIGPYECEIQNPVGASR	NA	152244	NA	8012.83	298129
NDQTVNNAETLTADLHTETETVNAK	14392.3	NA	NA	4670.08	NA
NDVGPYECGIQNK	NA	NA	NA	243649	NA
NEASEDSVWWTSDEYK	NA	NA	NA	NA	6298.63
NEASGEMHGLIR	2021.44	NA	3689.01	NA	NA
NECGILADPK	NA	NA	26442.1	NA	16642.3
NEITPGNFIFR	157728	136161	155471	83263	43289.3
NFKDVVIVPSK	42280.4	106797	16658.2	35183.5	NA
NFPPSQDASGDLYTTSSQLTLPATQCLAGK	41191.7	217389	161690	274516	951318
NGADQMVFQTEK	4730.37	3513	4793.14	9189.46	NA
NGDASYQDLVAK	NA	NA	13736.7	NA	NA
NGDGSIDENDRYFYK	NA	NA	NA	73853.15	NA
NGECVPLVNLCDGHLHCEDGSDEADCVR	NA	12854.2	4415.67	6427.14	6299.69
NGIIISPHPR	248120	198750	415297	NA	92147.2
NGLVTTIAWGLDGK	18385.1	NA	NA	27179.2	NA
NGSAMLFVSSK	191284	117043	107697	253145	NA
NHGPFTWGK	NA	24284.1	18509.2	NA	NA
NHLLHVFDEYK	NA	NA	7571.35	NA	9605.12
NHLLHVFDEYKR	44208.12	79042	65895.7	50505.4	136501.9
NHMEAWSEQR	NA	NA	NA	20438.3	NA
NHSATHLLQK	17853.2	16355.1	14399.6	12917.6	4838.78
NHYAAEYIYNAYK	65324.7	24313.9	17523	69906.3	33014.6
NICFPMELAGVK	NA	NA	10375.8	NA	NA
NIETIINTFHQYSVK	NA	NA	8066.14	216617	18183.1
NIIASLHEFNPMMGHR	7841.58	NA	9111.32	NA	NA
NIIPPAAIQEAMEK	6459.44	NA	NA	4809.21	7798.75
NILSQIVDIDGIWEGTR	13145.1	15392.6	56525.8	9972.59	24305.8
NINLVADMLK	45070.6	13916.9	19224	NA	30483.3
NIPCTVIEVGPCVVTQIK	NA	8470.94	NA	17673	NA
NIQLGYTLPK	245154	NA	100174	74428.5	NA
NITASNVAQVYAVAQK	NA	NA	7094.38	NA	NA
NITRYEMAQIIAR	6834.67	NA	3839.19	NA	NA
NKAELHQLFFDLR	47753.3	38575.1	10662.6	19767.5	NA
NKECEAFICNCDR	1002833	627430	994595	421482	1108347
NLAIIVESAAVNHR	7971.56	2633.76	51239.8	20422.1	18601.9
NLAVVLETAAINNR	NA	8060.51	NA	12017.8	NA
NLDINNFQLEAIGAGAYVTK	NA	NA	NA	31543.2	NA
NLDTLLHPQFDAAALK	181986	142173	248945	152757	40265.1
NLIDVSLLSPEHLQYLNR	140581	111811	121476.43	170176.15	390247.3
NLPQVHTIVR	45396.5	26790.7	89617.5	63057.7	8165.01
NLTCIFVDHGMLR	NA	8683.8	NA	NA	NA
NLVQEWLAK	270082	477874	343724	325683	1531370
NMITGAAQMDGAILVIAATDGPMAQTR	23863.7	NA	16494	44071.4	11818.4
NMITGAAQMDGAILVVAATDGVMAQTK	7509.18	3822.35	73976.6	107577.4	85383.9
NMITGAAQMDGAILVVAATDGVMAQTR	NA	NA	NA	7889.99	1251.41
NMQDMVEDYR	NA	5390.04	149005	9617.19	20238.5
NNLEVEDEEGSLFVGVDTIHVHK	598905	566738	516535	602074	586446
NPDGTGVLAGLTNVCDVVGYKK	NA	4615.67	NA	NA	NA
NPQGPFATCQAVLSPSEYFR	28014.9	NA	25484.5	20098.2	31011.4
NQADQMVYQSEK	7956.48	3463.05	NA	5823.51	NA
NQCYFHQFMK	NA	NA	8352.22	NA	13351.2
NQVSLTCLVK	24514.9	28219.6	37705.5	75378.2	185218
NSIAQIAPHYTMK	14353.7	9918.69	13693.2	6199.1	6794.66
NSIATIAPHYTMK	28939.79	63233.7	15738.2	158254.9	NA
NSLTGLPIGGGK	648518	261422	1667060	1041100	650677
NSLTTLPIGGGK	216211	234041	237781	233642	72593.3
NSLTTLPMGGGK	92876.5	38255.5	90864.3	121189	75240.1
NSLYLQMNSLK	NA	NA	NA	NA	42501
NSSFDYLAMQFR	7950.9	NA	NA	NA	8498.24
NSSYFVEWIPNNVK	NA	NA	NA	NA	7011.78
NTGTEAPDYLATVDVDPK	43107.2	31696.4	24415.9	27502.9	25895.7
NTLDLAGVVMLHK	4370.39	NA	4791.41	3133.23	NA
NTLHLQMNSLR	NA	19436.1	NA	NA	22097.7
NTLSLVNDFIIR	NA	NA	17171.8	8961.39	10398.1
NTPYAAQMAAEDCAK	37557.1	19887.72	10667.65	27836.7	NA
NTVYLQMNSLR	52893.7	84420.2	93009.6	68732	338283.1
NVAILIPETWK	248767	220070	379397	544023	1077970
NVGEIENASGVGTVGNAK	20425.3	NA	50338.3	24874.1	17899.3
NVPLPVIAELPPK	NA	12688.9	58483.9	67898.1	487480
NVVDGQPFTNWYDNGSNQVAFGR	NA	13274.5	NA	59885.7	11077.7
NVVDNLFLGR	78620.8	152783	NA	89594.2	NA
NVVLLGHGGAGK	176083	50421.8	579072	199659	205699
NWGEGWGFVPSDR	125875	936304	1365870	1041980	1929490
NWVSVTSPVQASACR	813043	10942.2	1086640	513871	1140820
NYQNDGDSIYR	170685	NA	26631.5	7255.17	NA
PTFNQLVR	1350640	778614	1119580	1272780	201151
PTINQIVR	265270	252838	109676	621533	125601
QADEYKVPR	67561.7	44400.9	47456.7	60824.2	6897.29
QADREGYPEIAEAYK	25264.9	49742.88	NA	44817.3	NA
QAIDGDTAQVGPQIAEK	352135	133772	205377	272011	2759.08
QAIDGDTAQVGPQTAER	112268	NA	NA	13099.1	NA
QAIDGDTAQVGPQVAEK	18005.5	3781.31	1242.48	5654.95	3430.63
QAIQDEIDQLTTEIDR	6620.82	NA	NA	NA	NA
QALAQISLPR	18242.3	112495	54004	177239	23931.4
QALFEFGGPELNVIMAK	NA	NA	NA	8149.7	NA
QAVALPYKK	126178	142973	146965	123864	88585.8
QAWFGCACCPSNICR	8209.4	9870.37	NA	6185.23	NA
QDAEGMANGIAYLAK	NA	NA	NA	NA	4331.18
QDAMLVDELR	NA	26655.1	35359.3	21440.4	46222.4
QDAMLVDELRDR	4180.84	17760.65	20967.36	7527.38	29944.6
QDNSYSVNSAR	NA	6398.18	5747.87	NA	4103.49
QEGCQDIATQLISNMDIDVILGGGRK	7025.65	12482.6	8673.61	7366.62	9402.57
QEPERNECFLQHK	NA	NA	5036.68	6554.56	2282.55
QEPSQGTTTFAVTSILR	676776	1098498	2428591	2408751	2389477
QEYDEAGPSIVHR	NA	9952.08	6721.4	NA	7119.54
QEYDESGPSIVHR	NA	6630.47	5694.62	5933.15	6876.98
QFSFPLSSEPFQGSYK	NA	7600.49	11645.1	8573.9	7296.62
QFTISEGHLIVRPDQMVK	9345.48	NA	26241.2	10745.1	NA
QFYVFSEPPKPSITSNNFNPVENK	9860.28	14643.7	4922.92	3103.11	8522.94
QIAENPILLYMK	NA	12533.7	NA	NA	NA
QILDFNGSGLSLMEISHR	22899.8	41915.4	8102.53	19297.3	NA
QINDEIMAQIMDGVKK	NA	6810.72	63366.3	22165	NA
QINDEIMAQIMEAITK	48000.6	12968.97	128748.4	41108.8	9302.76
QITNIVDGVRPK	NA	NA	NA	4525.17	NA
QIVGYAIGTQQATPGPANSGR	88278.6	161317	123310	128039	146080
QKHNVIMTPNTYLYFDYYQAK	21397	NA	8456.94	NA	NA
QLEALGFGNCPICVAK	94064.7	27965.7	181561	83244.8	19303.2
QLFGESEGKDNK	30857.5	20627.5	32145.2	31550.1	2377.29
QLGCGWAMSAPGNAR	36721.9	109565.2	178131.9	NA	498730.9
QLGCGWAMSAPGNARFGQGSGPIVLDDVR	NA	9891.39	NA	NA	5869.07
QLGCGWAMSAPGNAWFGQGSGPIALDDVR	NA	5072.93	4546.19	NA	23538.1
QLGCGWATSAPGNAR	74620.7	247689	161907	284668	784256
QLGISPDALVLR	NA	63055	23727.9	25287.1	17544.7
QLHLHWSDLPYK	12362.2	23519.38	29414.6	29118.41	58867.7
QLQNFSQEVINVICHYR	NA	NA	4263.14	NA	9883.58
QLTCVFVDHGLLR	68218.9	63462.8	82300.6	59119.1	8982.76
QNQIAVDEIR	33436.5	99943	62519.3	161948	22458.6
QNQIAVDEIRER	NA	13961.2	9323.52	22409.2	NA
QNVVLATIEGLR	178019	46051.1	347719	164806	57701.7
QNYHQDSEAAINR	203045.9	209386.8	61395.54	162855.46	36653.12
QNYSYAGVIEALSGAPFDVR	NA	NA	NA	NA	6967.19
QNYSYSGIIEALSGAPFDVK	9112.26	8080.71	NA	NA	NA
QPFPGPGLGVR	30673.6	15149.1	52014.5	38183.1	16951.8
QQCLQFFYK	29772.2	88656.4	34003.6	129160	12076.5
QSLEASLAETEGR	NA	20640.9	109826	18693.9	14051.1
QSSGENCDVVVNTLGK	251173	546227	533678	553881	769721
QSVALSGLTLAESFR	39155.3	NA	NA	NA	NA
QSVNEPLQTGLKAIDAMVPIGR	10141.7	9612.89	NA	20096.2	NA
QTMDQYSTEPGR	NA	12494.9	15776.9	NA	26462.9
QTWHTTCFVCAACK	7434.65	11700.9	NA	6502.4	13758.6
QVATSVAVNDEDVAAFK	19159.2	7624.13	NA	18727.7	NA
QVGDSVDAADKSAVEADIAAVK	19898.8	76623.3	13165.3	33769.4	NA
QVGSGVTTDQVQAEAK	4466.73	7635.54	39429.1	41691	137195
QVNIPSYLVK	169160	23442.9	303810	130671	268952
QWWDITEEDQK	56787	12735	88189.7	38460.2	14356.4
QYFGETDETVNAK	8983.12	NA	15705.1	NA	20890.4
QYFGETDETVNKR	40862.3	NA	58684.1	NA	NA
RAEDGSVIDYELIDQDAR	NA	NA	NA	NA	6307.7
RCECGPGGHVTCQEGAACGPHEECR	14659.22	4256.57	13501.7	12105.01	25904.3
RDGHEYEQTFR	NA	NA	NA	NA	9671.52
RDGWMAEHMLVLR	4219.22	NA	NA	13735.3	NA
REDGTYIR	43735.1	7725.42	92092	NA	4534.28
RFDFSVIGGPHFSSDTK	18122.4	NA	7864.55	16900.8	NA
RFEEHLQHEAETR	NA	64082.4	NA	NA	NA
RFQWVDGSR	23922.1	44273	31816.6	NA	32008.8
RFSHSGNQLDGPITALR	13266.8	21112.7	14805	21422.6	14003.9
RGANPGFHEAIGDVLALSVSTPEHLHK	19153	11548	5161.36	28996.5	13425.8
RGLITEEER	NA	NA	3921.66	NA	NA
RGPGQAEAPAGVESILLTIK	NA	NA	NA	NA	1633.79
RGVDTYWLDKPLR	10299.5	NA	6104.44	4890.15	NA
RIDITLSSVK	68521.1	109310	97469.8	80555.9	48864.6
RIDQINAALAK	31642.2	18940.4	60697.4	11576.2	93872.7
RIEEATGIETR	NA	NA	NA	NA	6865.72
RIGGATFQVPTEIRPDR	72843	34854.5	NA	23066.6	NA
RIGGATYQVPIEVR	5302.6	NA	7074.47	4377.84	2493.42
RIGGATYQVPIEVRPER	27016	22903.9	18956.4	20382.2	5443.47
RIPVQYAK	27275.6	44520.7	19671.3	35229.2	NA
RIPVQYSK	13151.4	NA	9970.65	NA	NA
RITDVMICAGASGVSSCMGDSGGPLVCQK	64310.9	40040.7	125830.3	33464.24	171899.6
RKPTVFTR	70280.3	446624	64928.2	105207	227169
RLIVGGLER	16017.1	16111.6	29064.1	26220.2	NA
RLLELGAPDIIVR	72976.06	42590.8	72526.81	80772.69	18006.1
RLMDIGCYR	25134.3	14762.9	NA	14365.8	NA
RLPDAIFVVDPK	61869.8	227017	64700.2	117707	NA
RPDNQHVILKPGDFK	540467	689153	781425	540554	492927
RPVDDGGSEITGYHVER	9215.46	NA	11859.8	13968.3	NA
RQLPDELAEK	8364.85	NA	12935.2	NA	NA
RRPYSVILFDEIEK	8272.11	NA	10107.1	NA	NA
RSDSVILNVLYGPDAPTISPLNTSYR	8831.54	18466.2	4652.13	12313.9	19613.3
RSEAELPAR	14323.9	17457.6	21278.9	17273.6	6813.07
RSNVCTLVR	NA	23334.5	NA	31263.9	8375.38
RSTVAQLVK	NA	NA	NA	NA	7925.78
RTFAIISHPDAGK	15460.8	12254.9	19411.7	22123.1	12372.1
RTVAAPSVFIFPPSDEQLK	191489	596265.4	433371.1	268575	909420.4
RVELQNSGEYDK	NA	4278.22	NA	NA	NA
RVGGATFQVPTEIRPDR	8464.37	NA	NA	NA	NA
RVIISAPSADAPMFVMGVNHEK	NA	15391.2	7656.89	8118.82	18264
RVVLTANAQK	16256.2	NA	52450.6	19755.1	21279
RYAFEEAEHASK	26442.7	19380.2	11824.1	NA	NA
RYEVPVPLNIPTTPISTYEDR	17193.3	30364.6	27744.7	14610.8	14113.3
RYGFHGTSHR	NA	NA	NA	33139.3	NA
RYGTCIYQGR	14974.9	18679.1	35089.5	24245.9	66531.7
SAAELNEELVAAK	156207	70535.9	394565	188552	70078.1
SAGVAGVIRPSK	156658	NA	NA	NA	3565.93
SAGYPGTLIPYR	NA	NA	NA	NA	19042.2
SAILNIAHSGK	7957	NA	NA	NA	NA
SALEIWKK	25888.9	13064.6	NA	NA	8229.59
SALQNATSVASTLLTTESAVAIIK	24050.2	8880.54	54244.8	18500.5	4808.86
SANAPGSVDAATK	20452.5	NA	12848.9	NA	NA
SANVLIQNDGTMIPDGDEK	7923.96	NA	NA	NA	2564.92
SAQLGDAVQLASLPPAGDILPNK	1861170	1365000	1643650	1496610	1358620
SAQTQSNEPAEPSFR	NA	7586.52	NA	4632.6	NA
SASYNLSLTLQK	9924.57	7040.34	NA	6806.43	NA
SAVQGPPER	705320	1617340	1834280	1388880	3138490
SAWDYGPLGVALK	NA	52598.1	20347.8	26067.8	17969.5
SCEMNFTNEGGYAGR	NA	NA	3655.44	NA	NA
SCVACGNDIALIK	5105300	4352540	4742950	5856920	5107550
SCVACGNDIALIKLSR	47496.31	42426.89	60391.44	65924.45	52285.38
SDFPNQINNVLAFPGIFR	28579.6	27922.5	67475.6	16951.2	33886.1
SDIEIAQECTMEPITK	10686.6	NA	27536.41	19741.79	100271.1
SDLQRPNPQSPFCVASSLK	190802.1	361440.48	390562.91	178104.2	1321807.21
SDLVNEEATGQFR	333594	412634	307103	583115	1234300
SDMPNQVNNSSVFPGLFR	12210.4	20589.4	6270.49	NA	NA
SDSVILNVLYGPDAPTISPLNTSYR	4085.57	6582.62	NA	4598.69	5690.13
SDYCQVCGYDGEIK	29686.7	33911.9	18967.3	17514.7	NA
SDYPNQINNVIGFPYIFR	118872	137476	10458	42540.8	4051.34
SEAELPARAEEVHHAK	12309.6	NA	26777	12627.2	3402.03
SEHGFDTNIGDR	33870.2	11957	NA	12540.2	NA
SETDLLDIR	24406.3	37184.3	35254.5	25963.2	56925.9
SEYMEGNVRK	NA	NA	1949.94	NA	12430
SFNQSAWEGLQAWGK	NA	NA	NA	25343.4	NA
SFNRGDVFLLDLGK	3841.81	4414.28	4329.57	2890.56	7217.48
SGAICHPVFCPR	NA	NA	24325.8	NA	NA
SGAPRPGFEGGQMPLYR	334253.1	424261.6	51452.16	382318.8	33704.1
SGATRPGFEGGQMPLYR	53546.2	271557	28876.5	51922.4	27123.8
SGAVDIVIVDSVAALVPK	10931.9	5327.4	20606.5	9671.41	1978.28
SGDVYVPDDSKETGIGATR	12020.9	NA	NA	NA	NA
SGGGVRPGFEGGQMPLFR	7506.25	3707.54	2449.95	8383.94	4765.18
SGGSIRPGFEGGQMPLQR	116187	NA	99867.4	3654.16	NA
SGLFPADIVQPAAAPDFSFSK	NA	NA	NA	NA	2720.77
SGLLGISGVSSDKR	NA	41852.3	18653.5	228204	NA
SGNEDEFRNMVTR	NA	NA	NA	NA	3470.44
SGNTFRPEVHLLPPPSEELALNELVTLTCLAR	62083.5	508635	90949.5	NA	NA
SGRPGPVVLDFAK	NA	7003.93	NA	NA	2811.04
SGSFYHTCGGSLIAPDWVVTAGHCISR	1800351	2023092	1685442	840064	1308116
SGSLIDAIGLHWDVYPSSCSR	8059.19	NA	NA	NA	NA
SGTASVVCLLNNFYPR	56627.77	138277.71	136129.46	98690	285789.2
SGTSASLAISGLR	21914.7	209880	117879	177021	460516
SGYVGNIIPR	48992.4	2174880	22559.5	38133.6	29151.1
SHHNVGGLPEK	6280.98	NA	NA	NA	2444.94
SHTAGSLCIGVDPNRNWDAGFGLSGASSNPCSETYHGK	NA	NA	7514.68	NA	14028.8
SIAYLQMNSLK	NA	NA	NA	NA	12540.1
SIFALDGTTIVK	NA	NA	NA	NA	18944.6
SIIWSSHDEEDLHK	NA	NA	NA	NA	25066.9
SIQFVDWCPTGFK	NA	NA	NA	NA	5728.6
SIVDFVKDHGNIK	113272.79	28306.7	233834.4	54351.34	830243.5
SKEEAEALYHSK	NA	13251	109895.33	17277.9	10361.7
SKPHVNIGTIGHVDHGK	340767	214815	173522	498738	63638.5
SLDEGQAVTYDLTEGAR	29142.6	51448.2	123853	19457.4	20171.2
SLDEVEAIGHR	9500.08	NA	11741.7	11682.1	78973.7
SLGLDPIYLGIDKK	86009.9	12952.89	272206	97318.5	30053.4
SLGLDPVYLGIDKK	NA	NA	NA	NA	30312
SLGSNTPINIVR	28852.8	23203.8	21871.4	547495	15965.9
SLGVFHLDGIAPAPR	67854.8	62446.6	58186.4	99015.2	NA
SLIHNMVVGVSEGYTK	86366.04	11545.2	210597.25	84932.1	27270.9
SLLEGEGSSGGGGR	NA	17795.7	107703	NA	13365.3
SLNNASQNNISIDK	81704.8	495262	41436.6	299085	NA
SLVDDEKIDYCK	NA	NA	NA	NA	5789.77
SMEWFTVIEHYHR	4108.74	5734.1	NA	4277.94	2719.11
SMIGGYGHDDR	NA	NA	3320.18	NA	2814.85
SMKDVAPEERPK	11220	NA	21440.65	9535.38	NA
SMLEQILSDIYK	4927.68	NA	NA	NA	NA
SMYETPSLEQDLER	29037.94	NA	14992.88	16758.03	51740.29
SNDIMMLLTK	17288.9	NA	NA	17445.1	NA
SNGVPEEYITGDKPDR	41657.5	26443.3	34378.9	59615.6	NA
SNGVPEEYITGDKPDRER	11214.5	NA	NA	7293.66	NA
SNLFQGSWNFER	NA	169612	NA	NA	NA
SNNHMYAQIIDDTVGNTLVSASTLQK	29209.1	4214.9	22966.8	36187.2	2110.39
SNPLGLAEFTLSR	65369.2	47750.2	70454	84050.4	12361.3
SNSPALQYGLNTLK	25735	15363.7	14355.3	36607.8	NA
SPALLLDQILAGDTR	13235	NA	6317.41	NA	NA
SPEDMHWR	9035.38	NA	NA	NA	NA
SPVILQVSK	898704	2720970	115329	651981	207538
SPYYINQADFVACHNPAYIHMGMK	93291.35	62222.42	37680.34	74004.55	NA
SQDGAAMSFGR	NA	69845.3	19779.4	21401	21725.6
SQIAHGETVR	40929.9	44564	62927.8	36417.3	11621
SQVGTLYGTLAK	328828	66937.7	129668	39034.6	259081
SQVGTMYGTLKK	31583.07	6733.77	46870.77	27212.16	17427.17
SQVILGAHSITR	NA	40193.6	33251.1	4501.04	6504.03
SQVLQFFSSDICR	NA	7490.68	10458.2	11464.8	3486.07
SQYEQLAEQNR	NA	11375.8	60715.7	9714.91	9410.67
SRDEEIDYAEAHNIPLK	17602.6	9303.1	22109.4	16737.9	NA
SRLPVSLSEGR	99381.1	97166.6	71547	70145.9	66041
SSAASNAAHASELK	1025.43	NA	2378.68	NA	NA
SSEMPELTSMHTLLLR	NA	9340.1	6294.27	10110.6	NA
SSFLPEDEKR	NA	NA	28411.4	NA	33787.2
SSPVEFECINEK	NA	NA	NA	NA	7744.9
SSSLGPVTVQWLLEPHDAIR	NA	NA	NA	NA	10740.3
SSSSNFLNYDLTLR	78665.7	174891	253525	77559.8	737061
SSSYSGEYGGGGGKR	34912.9	NA	NA	NA	NA
SSVFSICHSK	240970	335766	367690	321177	298991
STAVMSTGSIDDGVTGK	2982.81	NA	11023.2	NA	NA
STGPYSLVTQQPLGGK	221682	187783	123700	172141	44464.4
STHTGSSCIGTDPNR	277303.3	72490.62	546274.6	1438816	1539859
STIFPQMVGHTIAVHDGR	17511.8	NA	NA	11058.3	NA
STITGMILDVPIK	NA	NA	3394.13	2803.46	NA
STLAYTLAGHPK	NA	26285.9	14752	14941.1	21028.8
STSFTNPYWWAEHNEYLQHTNR	27485.6	NA	3236.66	NA	NA
STTLAAMIDHVNLHK	13227.1	NA	NA	NA	NA
SVAHITGGGFYENIPR	30674.56	36709.91	43950.7	64809.7	NA
SVGELLQNQFR	155283	117237	78060	158426	20162.2
SVNGKEDAIWNLLR	NA	10355.25	NA	12970.5	NA
SVNMINSLQGK	41325.5	25341.9	22476.6	NA	41664
SVSQQAIMEER	NA	NA	NA	NA	4125.29
SVYISGLPYSFENSR	12998.3	NA	13178.4	NA	7060.01
SWIIGLQEYR	129766	34172.9	113330	97274.1	34980.9
SYDHNLVDK	75860.6	27451.2	9054.82	11278.2	17062.8
SYDHNLVDKSAEK	11501.8	NA	NA	NA	NA
SYEAYVLNIVR	7269.49	6230.86	13249.9	NA	20409
SYHIFYQIMSNK	39814.7	44548.9	27015.5	33330.9	33109.3
SYLEAFNSNGNNLQLK	38194.3	18638.1	36539.2	19738	46351.7
SYLEAFNSNGNNLQLKDPTCRPK	61945.8	23885.17	51069	41390.5	43047.7
SYSCQVMHEGSTVEK	NA	2682.96	NA	NA	4562.12
SYSCQVTHEGSTVEK	222790.8	578760	392098	400003	820554
SYSPYDMLESIRK	56638.9	63157	40778.12	85933.5	35714.07
SYTPQEISAMILQK	65944.51	22208	147994.7	52602.28	7648.9
SYTVTDNETGNQLEIDNK	4935.38	NA	NA	3431.99	NA
TAATVQENAEDIYAEAKQINEDR	NA	NA	67730.4	NA	5672.3
TADKGDLIIPVVITVYADR	66801.88	22284.7	80041.12	57666.8	104402.67
TAESGVVVDAGTWENNER	NA	NA	6839.88	NA	NA
TAETYSEVVEGMMFDR	10749.05	NA	19703.97	NA	3867.23
TAETYSEVVEGMQFDR	10481.7	3751.83	6577.5	NA	NA
TAFYLAEFFVNEAR	3963.08	4779.69	3330.4	10013.1	NA
TAGQGFGSAGQYMDVLLK	NA	NA	7204.57	8150.68	NA
TAIALDTILNQK	54255.1	NA	22308.5	28076.2	NA
TAMEAVYGLLGVDR	105862	25346.8	121859	45177.3	13936.6
TANLAGAHGVIIPK	NA	NA	NA	4623.81	1872.01
TANLLREEGLNIIHLPK	14068.5	37069.4	18592.5	7734.13	4781.72
TASGLVEATGAGFANTWK	NA	NA	NA	8007.8	5227.49
TATCWSLDPDLTNILASSR	72873.7	51462.6	30308.8	115707	76695
TATSDQAQEVCGAIR	94895.8	382075	NA	127441	NA
TAVAIDTILNQK	NA	47740.8	38002.8	54131.2	23973
TAVQSGSIDEIK	24025.7	23297	51169.6	29936	NA
TCAQLPPCFPIK	22935.1	42142.3	54266.7	18730.1	100547
TCEETQPICFENAK	127325	14455.4	29185.1	8978.52	26163.4
TCQGSCAALSGLTGCTTR	113474	37701.8	90108.4	91357	133084
TDDIDHLGNRR	7379.52	1973.4	NA	26173.6	NA
TDDYLDQPCYETINR	NA	3650.18	NA	NA	2605.16
TDEEGYALLK	18944.4	10979.4	28600.9	NA	NA
TDEETHSVASTFPVHE	72744.9	NA	NA	88005	NA
TDGAMDAGNLLKPMLAR	14245.6	15242.7	NA	16729	NA
TDGGTTDYAAPVK	NA	14430	11568.1	NA	24864.5
TDLEKDIISDTSGDFR	43536.8	65799.9	45118.3	89295.6	128093.5
TDQVDDPELLELVEMEIR	181164.96	5619.11	327071.5	14037.08	4565.83
TDQVDDPELLELVEMEVR	8950	NA	NA	4580.94	NA
TEDTAVYYCAR	NA	NA	NA	NA	814533
TEDTAVYYCTR	8445.83	32484.4	44736.4	18630.8	93157.8
TEFDVELTEVGPNK	26496	47466	13779.3	25515.6	NA
TEHMFFAEDR	499155.4	350590.3	442510.7	450402	NA
TEHMFFDPER	616041.8	551361.3	89823.49	227657.2	NA
TEHMFFEADR	86387.7	104471	81720.1	NA	16418.44
TEHMFFEGDR	90304.3	36438.3	20476.92	42335.9	56351
TEHMFFEGNR	38810.3	7102.58	52687.1	69523.9	44059.4
TEHMFFGEGR	72200.1	8478.97	203022.5	81257.9	29903.93
TELDLVEGMQFDR	38555.3	NA	28661.9	23018.3	18111.4
TELKLEDK	26297.4	23746.7	37598.8	41373.7	21154.2
TELLETIFGVR	74700.3	22801.4	60467.7	13700.3	NA
TELMQASLDQSVTHLMGLFEPGDTK	28345.07	50196.3	31574.27	32782.43	126803.8
TEPVPDQDELDQLSK	388893	95769.6	795918	188702	3802850
TESMHGAGSPQAQR	14190.2	18730.7	6061.43	23100.3	5440.23
TETPVVSNNSAHR	65831.9	93285	82638.2	48955.3	32400.9
TEVNHPASGITSFTYDALGNVLTK	27761.8	NA	NA	NA	NA
TFDPMDAESNPEAPLSR	NA	6767.77	5332.57	NA	6187.87
TFGCGAAIATSSIATEMIK	11808.2	NA	11179.9	NA	NA
TFGSGNSDYGYTTAVGLFK	NA	NA	13527.1	10173	NA
TFIAIKPDGVQR	NA	5050.07	5699.95	8079.15	3782.63
TFLAVKPDGVQR	NA	NA	NA	NA	96422
TFQGVTEDAK	105980	95003.3	116472	134594	88129.4
TFTCTAAYPESKTPLTATLSK	NA	4950.24	5554.68	8258.24	23757.4
TFVPGCQPGEFTLGNIK	104206	314982	192709	187348	99304.4
TGEISIHAEK	18211.7	NA	15840.7	13127.6	4757.58
TGEYFDSPVTIGFMHYLK	NA	NA	NA	NA	1927.55
TGFHFCGGSLISEDWVVTAAHCGVR	98400.2	98614.4	135707.9	88351.8	111917.9
TGGVTISHLR	26080.7	61805.1	10284.2	42563.9	NA
TGLVIDAYFSGTK	29335.1	NA	17438	42331	NA
TGSGDIENYNDATQVR	98140.1	626488	581182	812203	668099
TGSGDIENYNDATQVRDCR	3037.36	18738.1	25979.8	30237.4	29394.3
TGVDSLAIAIGTSHGAYK	NA	19689	NA	20486	NA
TGVEVGKPTHFTVLTK	4240.36	NA	2699.88	5362.78	NA
THGIHAEPMTFGMK	12160.9	NA	NA	15469.4	NA
THNLEPYFESFINNLR	5747.05	11721.5	90542.9	3313.97	2844.5
THYYGGIR	99302.7	54948.9	78043.2	146391	18755.1
TIAIIGYGSQGHAHALNLK	158456.39	156061.09	180469.82	134223.33	NA
TIEAEAAHGTVTR	3640.74	2634.55	2012.19	2180.14	2757.72
TIEEAMEVTNK	27023.8	NA	51859	21493.3	7436.04
TIGILTSGGDAPGMNAAIR	19498.8	22341.7	11164.6	19658	NA
TIGVGLQSFCIPGSVADDR	9091.99	NA	18909.8	NA	19281.7
TIHIQHDVMNPRPYSR	19473.6	NA	NA	NA	NA
TIIASLHEFNPMMGHR	26237.5	NA	101958.12	17260.9	7776.89
TIINSLHEFNPMMGHR	35156.9	54602.9	29802.5	25712.2	3679.45
TIITVVGNDTVGIIAK	NA	NA	7836.85	NA	NA
TIIVVSSEMPEILGITNR	89716.5	11848.73	39917.71	28555.06	15817.35
TILEALNTDLVCDAINTAMR	258766.4	299365.5	105430.5	128135.5	36578.3
TIPYFDFVVPTELPGVDPK	97633.82	52175.4	72015.15	111581.1	47836.1
TIPYFNFVVPTELPGVDPK	5463.92	11922.4	24187.63	NA	47880.8
TIQNDIMLLQLSR	NA	6261.45	NA	26759.8	NA
TIVSMNPVMIDGTGMCGGCR	2266.45	2038.67	NA	3570.74	NA
TIVTNGDQTDTIYEGMDK	5123.26	NA	4806	5860.55	6958.15
TKDFVNVVNNLK	NA	NA	13606.6	NA	16367
TKEPGANGEPLYLDVK	82246.6	87942.1	12610.2	57590.7	NA
TKGVDEVTIVNILTNR	32020.83	52771	24143.71	63262.5	57995.75
TKPHCNIGTIGHVDHGK	322665	242848	399176	347406	97132.5
TKPHVNIGTIGHVDHGK	4900.7	419763.9	162253.57	6645.97	131283
TKYETDAIQR	19389.6	35881.1	11358	27016.8	32039.3
TLCSMEEAINER	16334.2	30498.3	NA	32794.5	25585.3
TLDISAISFHK	60225	104633.5	32706.4	87552.5	NA
TLDQIYDIFAVR	NA	NA	8292.89	NA	NA
TLECCSGDLADLK	127023	60335.1	118419	90225.5	38676.3
TLEDHYR	177057	65875.1	44888.1	75673.8	NA
TLEQMDVVHR	26526.6	34922.6	27161.3	19054.45	61196.5
TLGSANLPLAK	130337	61637.8	45323.1	194033	127817
TLLEALNTDLVCDAINVAMR	107197.6	94685	120936.3	88456.5	1324.98
TLSIIKPDAVAK	NA	NA	NA	9976.4	3577.18
TLTFESWLTPDAVGR	102302	1416600	28992.9	92049.1	NA
TLYQFQFQEALCQAAK	12045.8	NA	20323.5	NA	5792.16
TMFAFENWHSALEMK	32778.44	16868.1	42983.25	35358.07	2127.1
TMGSGTLDVFATPALVALAEK	3473.89	6625.31	3778.99	6922.27	NA
TMHTELDLVEGMQFDR	7507.2	NA	19573.33	5102.49	2115.49
TMKTELDLVEGMQFDR	7746.26	7209.32	6213.94	6729.31	3365.05
TMVCAGGDIR	307165	1409200	481381	498322	1827800
TMVCAGGYIR	8393610	5273440	8086650	8485410	8157530
TNDVAGDGTTTATLLAQAIIR	37042	5387.91	119818	14489.32	4847.32
TNHSIQDAAALAIYSPAGIVVHTGDFK	13214.9	12704.5	9374.63	11356	NA
TNNLETGPSTR	NA	NA	NA	NA	4833.51
TNNVDAAAYLGTVIAK	8853.23	NA	21173.5	4051.26	44946.2
TNQELQEINR	160023	247683	156435	377478	537783
TNQSMTIDLRPICNK	13024.5	NA	NA	NA	NA
TNTFQAVFR	53857.3	21612.9	75669.2	58583.9	45946.4
TNTINVYDILK	24517.4	5593.36	104537	100534	8098.49
TPAQFDADELR	NA	12594.9	NA	18141.3	184568
TPAQYDASELK	218204	356569	194876	349102	711259
TPCYITGWGR	4319150	3190620	92231.1	5416060	3956590
TPDEVIYDMR	NA	NA	24353	NA	NA
TPDKLQQAALPLLSNAECK	139345.9	141516.8	312085.6	109285.7	466011.9
TPEVTCVVVDVSHEDPEVK	48030.7	46632.59	44293.63	63047.79	21263.02
TPLIISGQSGK	104539	68828	77450.7	92188.4	29399.6
TPLTATLSK	379915	1480170	2514120	3198060	5561140
TPLVEMDGDEMTR	4449.54	3601.67	NA	NA	NA
TPMHISEMEEK	9358.77	NA	7114.05	9489.63	5709.4
TPMHISEMEQK	25691.11	6018.48	60012.96	36283.446	13817.88
TPPAAVLLK	247284	132883	724086	460230	268781
TPPELAADISDR	18566.7	NA	11797.9	NA	NA
TPSSFLGSCR	28061.8	17673.5	43732.8	50166.9	NA
TPVLLHDHDER	20254.45	18231.1	38509.2	9897.64	49688.3
TQDAIVSYGER	95301.9	114528	30424.3	78138.9	NA
TQELLYFIR	37914	31364.9	42416.1	53837.2	NA
TQQHYYEKDPK	8207.89	8364.9	7268.28	12000.5	5253.02
TQYSLTDDQTK	226164	69340	551894	287171	337516
TSESGELHGLTTEEEFVEGIYK	NA	36126	35414.4	28365.9	22494.5
TSGESDQVYVNSEFAGGR	15242.3	NA	NA	NA	NA
TSIAIDTIINQK	56061.7	141698	57138.1	95806.1	36014.7
TSIVHLFEWR	293405	1408020	1768360	1724810	1505760
TSMESLIHHFK	1609.85	NA	NA	2416.38	1818.87
TSPFAFTGNK	264322	276341	347641	193917	243743
TSQNSELNNMQDLVEDYK	NA	NA	6752.5	NA	NA
TSQNSELNNMQDLVEDYKK	NA	NA	3936.5	NA	NA
TSTTTEIEFNDEHSPAVK	NA	NA	46334.7	NA	NA
TSVVTGVEMFRK	6917.26	NA	NA	6258.43	NA
TTFFDPINSLVSGDK	NA	NA	NA	NA	4468.83
TTGWGILEIR	NA	26795.6	16994.6	13598.9	14083.2
TTLPGVVNGANNPAIR	11573.6	14543.1	NA	8119.92	37447.8
TTNLNTCGDSAETASTR	3482.92	28095.8	3091.43	9160.09	70315.9
TTPANANDNDFRK	74318.9	NA	NA	NA	NA
TTPHKDCTPSPLCQLIK	5046.44	NA	3904.66	4449.05	NA
TVAAADCLVPGIGEIIGGSQR	17821.3	18794.5	NA	24472.8	NA
TVAAMDVLAPGIGEIIGGSQR	NA	26853.5	28882.9	27044.2	NA
TVAAPSVFIFPPSDEQLK	1212402.3	2753850	2829053	2529170	3418512.3
TVAAVDCLVPGIGEIIGGSQR	27617.45	48121.21	17156.9	30592.2	14050.89
TVDEFDVDDFKDSSLAK	3504.37	NA	13190.61	NA	NA
TVEAEAAHGTVTR	NA	NA	NA	NA	766.868
TVEKELTYEK	17190.7	24784.2	17783.6	7786.07	11326.3
TVGEQLSNQFAIGLAR	25201.5	NA	NA	9560.15	NA
TVGLIENGSWAPLAAK	NA	NA	29462.6	8746.83	4451.64
TVHMMPMQVQVQVNR	193147.3	198534.81	196256.35	210460.98	126587.19
TVHWGTPSAFQK	153505.8	100513.6	130371.5	191787.8	590288
TVITQTDSAAQDVLEGDQK	11004.2	13962.6	NA	21191.7	NA
TVLIQELIR	157862	49071	68448.5	130594	91069.8
TVQIAAVVDVIR	11685.4	56640	71991.8	623872	19905.1
TVTAMDVVYALK	195089.4	172830.3	86629.7	74605.4	72474.29
TVTINCPFK	303349	461687	1044190	934084	2344050
TVVTGIEMFR	948702	2479450	536481	1057990	457269
TVVTGIEMFRK	23574.6	56506.9	16281.8	30748.8	12161.1
TVVVTGVEMFKK	NA	8061.79	NA	NA	NA
TVVWNGPMGVFENPILAK	6000.2	NA	7659.76	9625.99	6881.36
TVVWNGPMGVFENPTLAAGTIAVAK	81671.1	66734	67975.3	61475.7	1584.19
TWDDLTKEEYK	10276.1	NA	NA	NA	6174.55
TWVLDPVAAGIGK	NA	15614.4	NA	NA	NA
TYFPHFDLSHGSAQVK	NA	29644.18	NA	62868.21	NA
TYSPEDLVEGK	271687	NA	NA	128784	NA
TYYFNANGQMLSK	19013.6	NA	NA	NA	NA
VAATEFDGYDNDVIEGAK	4887.64	NA	NA	NA	NA
VADKLNVISNLLEK	310245	277357	346953	272248	16730.68
VADYIVTGQWAK	20976.8	NA	68772.9	38100.2	51955.5
VAEGTQVLELPFKGDDITMVLILPKPEK	10415.9	33794.4	15466.8	12818.5	16393.71
VAEKGDYETLK	NA	NA	4569.82	NA	4844.79
VAGGPQMIQLSLDGK	29348	34033	21507.6	28389.6	19611.8
VAGGPQMIQLSLDGKR	NA	NA	NA	NA	6760.33
VAGNTATDFENIDK	9537.43	NA	NA	NA	13915.7
VAGNTATDFENIDKAPEER	145455.36	36578.2	53358.64	44762.2	316213.02
VAHALAEGLGVIACIGEK	31062.5	29129.7	23271.3	18106.4	20484.5
VAIDDKQYSPQQISAMILQK	19985.9	NA	17663.7	NA	NA
VALMATHTK	NA	NA	12404.6	19717	NA
VALTGLTMAEYFR	NA	9336.15	NA	NA	NA
VALYGIDFLIEK	14947.7	5429.79	NA	NA	6353.46
VASIVAPTSSNAAYTPNYK	NA	NA	140363	292539	1211.29
VASLIGVEGGHSIDSSLGVLR	195898	229335	220137	143568	492710.69
VAVIGAGPSGLTVAGDLAK	19456.6	8416.73	17181	6540.45	NA
VAVIGSGPSGLTCAGDLAK	120696	27761.1	154702	87211.7	48044
VAYDLVYYVR	864457	1300530	929504	861018	737250
VCDILENHYHDMQDMEFTVENKK	7162.29	8484.4	NA	NA	NA
VCGILLEQGYQIPGAK	15072.8	20174.5	26063.5	22392.4	NA
VCNYGLTFTQK	8594.45	5752.54	8206.26	NA	6188.22
VDCEFGATAGK	123516	538630	91327.1	164804	18358.9
VDDALHATR	NA	39814.5	NA	NA	NA
VDFENIDKAPEER	65418.3	24127.2	35850.21	73505.1	38439.65
VDGATSTNADNAIETIK	NA	15322	NA	NA	299232
VDGMEAHGNSQIVR	NA	NA	NA	17050.5	NA
VDKDEWISGAAVVNAFYSSGR	14160	27268.4	29079.7	22141.2	56409
VDMAFPCATQNEIGEEEAK	7449.06	NA	14571.49	NA	NA
VDNALQSGNSQESVTEQDSK	254746	680554	426754	435563	739582
VDNDENEHQLSLR	28837.9	67569.7	53500.3	22458.49	117620.7
VEAENGATAGKFDLAK	6849.19	NA	NA	NA	5342.94
VEFFGDEVER	17189.6	NA	17048.6	14847.9	NA
VEGCGICGTDAHEFK	8262.32	NA	NA	NA	7027.25
VEGCGVCGTDAHEFK	15583.86	NA	24604.5	23308.17	8574.61
VEGNAAVDFENIDK	NA	NA	12574.9	19544	23001.3
VEGNAAVDFENIDKAPEER	108586.17	11272.2	232567.2	413055.03	281070.23
VEHLTTFVLDRK	NA	15201.5	NA	NA	13922.5
VELYDGSYHEVDSSEMAFK	17082.2	NA	25286.2	NA	NA
VEMELPGDK	NA	27703.2	25518.3	NA	43802.9
VESVDEVEIIR	338010	82315.6	653191	440679	375860
VFAVEYLPGQFDQR	26045.2	NA	32171.8	27820.3	19522.5
VFDGTSSNGPLLGQVCSK	355062	239309	207679	253582	329652
VFESQVYVLTK	76246.4	59279.3	105235	107986	NA
VFIPVFPGTNCEYDSTK	5797.75	3273.86	5235.28	5281.17	NA
VFIPVFPGTNCEYDSTR	34821.6	18765.8	66825.8	33725.1	11944.4
VFLENVIR	1536300	923969	572106	406288	755014
VFLMDEPLSNLDAKLR	2780.23	NA	3586.96	3680.33	NA
VFMLKPADGIEGVK	NA	22755.91	NA	8895.49	NA
VFNFCIQDSPR	284051	31943.5	219838	43306.5	134524
VFNIYAWNEEFK	NA	17010.9	NA	4790.27	NA
VFVEDGEGIR	NA	38848.7	26384.6	NA	NA
VFVSVLDVNDNAPEFPFK	68249.5	167664	296243	94237.6	88486
VGAATEVEMK	254543.2	159898.6	291142.8	226865	NA
VGAATEVEMKDK	24211.9	14658.19	18079.36	13915.28	NA
VGAAVGAGAGNEER	NA	26062.3	NA	NA	NA
VGAHAGEYGAEALER	NA	3376.69	NA	7210.95	NA
VGEECSETIIAAK	NA	NA	8735.94	NA	NA
VGGATFQVPTEIRPDRK	472569	322967	11506.3	215242	NA
VGHIGLYR	86109.5	23819.9	61275.8	NA	NA
VGHVATGDDQNFGNK	NA	NA	NA	NA	667.623
VGIGGGSICITR	81699.2	80846.1	69363.1	83777.8	30638.4
VGIGPGSICTTR	1397020	949214	677152	700794	396245
VGIVGATGMVGQR	NA	NA	16672.5	NA	NA
VGLDYVSCSPFR	84090.1	33878	708357	245493	75071.6
VGLTGLTMAEYFR	13232.7	10920.4	9416.8	10793.7	NA
VGLYYAETGASMRPSK	80720.1	84723.3	21801.21	93566.3	NA
VGNLAFLDVTGR	NA	123523	NA	NA	NA
VGQVISGEVYQVWK	64442.5	124955	NA	61499.1	NA
VGSFDAGFGSSYLAR	56299	54544.1	NA	NA	NA
VGVDEYYSEVLPEDK	NA	NA	14670.4	NA	NA
VGVVGATGMVGQR	70487.5	NA	33247.2	22776.8	NA
VHCCPHGAFCDLVHTR	NA	NA	NA	NA	37972.3
VHCDVHFGLVCR	NA	10748.2	NA	NA	7688.27
VHTECCHGDLLECADDRADLAK	12523.57	17520.1	10701.7	24187.96	NA
VIDFTDVFVR	20861.9	12221.1	39059.3	21073.8	3774.27
VIEHIMEDLDTNADK	10786.8	132125.91	42926.59	456926.6	29343
VIGQDEAVTK	NA	36951	NA	63536.3	NA
VIGVGGGGGNAVNR	266353	126493	121418	131543	12188.7
VIIAMGSVTEAAR	174852	38882.3	51216.9	39631.4	150204
VIISAPSADAPMFVMGVNHEK	NA	47295.7	25299.2	24882.5	65041.24
VINDNFGVVEGLMTTVHSTTATQK	116395	202254	NA	99342.9	1839.63
VINIHTIKPIDEEIILK	NA	NA	NA	6464.28	NA
VIPVTVIEAGPCTVVQK	12013.4	11457.3	NA	12923.3	NA
VITTNLTYQTPELLSR	NA	NA	NA	NA	5817.52
VIVEAVEEIKPEVLLFGASNIGR	55215.4	49496.6	16499.7	53824.7	NA
VIVEGINMITK	NA	NA	NA	NA	47646.6
VIVNEIVPPEAGYINTIISK	9201.5	8975.21	NA	13821.8	4090.36
VLCEMGHSDR	6495.89	NA	11841.2	NA	3150.17
VLDGAVAVFDAVAGVQPQSETVWR	22039.9	21836.3	5208.3	21198.2	NA
VLDGAVGVFCAK	88516.8	92677.1	113903	63725.9	37288.9
VLDGSVTVLCAK	33357.7	NA	59728.8	NA	NA
VLDIAHLLDR	8661.35	NA	NA	NA	5573.43
VLFDLVPGHTSEEHPWFK	NA	22714.1	NA	NA	NA
VLFSADGFGK	55751.2	49005.6	131504	84843.6	30539.9
VLGAFSDGLAHLDNLK	NA	5268.56	NA	15244.3	NA
VLIGNIDLSR	592025	408688	435445	689732	1717720
VLLIDDFLANGK	18824	NA	12993	NA	2259.78
VLLSAAIDGVSK	NA	NA	20031.6	NA	NA
VLMSGPYGDFHPIFDSK	78850.7	NA	26633	21494.4	13977.7
VLNIYCWNEEFK	280342	40551.9	321745	144911	7143.33
VLPMDIMPEYLIK	12307	NA	64292.3	NA	41653.7
VLPYQQDDFKGLFEALEGNPVTIR	11353	6292.48	49600.1	6679.32	1438.7
VLTIGENIQIR	114300	NA	247768	NA	18573.1
VLTKQDIIEIIK	1396.35	NA	NA	NA	847.796
VLTQASNPVVCTQPK	NA	6052.02	NA	4387.15	5135.69
VLVCSGTGCIASGAQK	42888.1	12714.2	68755.2	29624.4	7318.08
VLVENEHR	234930	279600	234170	150085	209591
VLYDFFTTGTYDR	12642.3	NA	NA	NA	NA
VMAEAETHELTQR	3522.6	2052.51	1674.56	4998.25	NA
VMAWADKYR	146505	NA	NA	44091	NA
VMGGGFGGCTINLVK	NA	NA	NA	NA	2231.22
VMQEEIFGPILPIVPVK	1352.4	NA	3220.33	NA	1350.63
VMVEAPDHDTCQK	1981.32	2250.69	NA	1778.71	NA
VNCYGADDVR	977982	1774120	139183	877040	154221
VNGVLTALPVSVADGR	504892	644650	624012	553662	764247
VNIGSSFENRPMNVLK	NA	NA	18374.2	NA	72388.4
VNLCGGGFTGQSQALR	119769	12118.8	17338.1	77170.7	7132.5
VNPPLRTDEDAEAIR	NA	48604.8	NA	112864	NA
VNQIGSLTETLNAIEMAHR	NA	260867	NA	NA	5859.58
VNTYYIVGLQVR	193097	327641	309879	400184	245466
VNVDEVGGEALGR	NA	27303	NA	NA	NA
VNVGFHWFDDKHATSYNNR	16103.1	8425.17	6633.91	10574.1	NA
VNVNGGAIALGHPVGASGCR	16543.8	44726.6	13589.6	16071.6	3183.53
VNYDEENWRK	3830.65	12982.03	14791.02	19230.65	55670
VPAAERIDVDETGK	5931.15	NA	6838.43	NA	NA
VPEGLEDVSK	46838	56029.7	47897.7	41833.7	202339
VPEGLEDVSKYPDLIAELLR	84664.4	126705	72858.1	42456.7	126396
VPFLDKEVFK	27560.6	NA	44172.7	NA	NA
VPGLVVSSTADPNGSPTITLR	NA	5289.9	NA	NA	NA
VPMNDDVPATFDDGSTTK	NA	NA	NA	14967.02	NA
VPSLATAGSIAVENGKPHTVAR	NA	NA	12992.6	4759.22	NA
VPTPTGSLTNLYAVVDK	56546.9	45284.2	16677.3	114197	NA
VPVLNGHTAAVFVK	10181.1	30274.96	31359.1	13684.6	14347.8
VQAADTNGTTVETTYTPK	NA	NA	NA	4796.88	NA
VQFNNAIGPYK	391555	74629.1	401878	394903	42879.3
VQFNSAIGPYK	534885	233098	788383	386052	311633
VQGPEDALQK	NA	NA	NA	NA	31600.1
VQPVSEILQLK	11016.9	18321.1	18775.6	14705.7	30236.3
VQQIINSAYK	20542.7	NA	18381.8	NA	27954.5
VQTFQGDDDHNWK	22795.14	136188.4	63092.3	205915	26866.65
VQVPHYNYVGDSVLGFK	10068.1	NA	23846.5	10132.7	5086.1
VRGPPVSCIK	NA	8879.5	NA	NA	NA
VRPEQGLLAMR	27130	35887.6	NA	16330.8	NA
VRPLGEIDEDAK	5240.81	NA	NA	NA	NA
VRVNGVLTALPVSVADGR	43250.6	58282.9	51078.1	44335.1	49883.2
VSAYIDWINEK	2672270	2104800	2716600	3152370	2140370
VSAYIDWINEKMQL	NA	NA	NA	16961.64	7208.97
VSDKLNVINNLLEK	NA	4628.14	NA	NA	NA
VSFELFADKVPK	NA	NA	NA	NA	6658.69
VSFLSALEEYTK	10037.1	NA	NA	NA	NA
VSGYAVNFVK	NA	55101.8	29533.5	51351.8	18912.4
VSKDGVITVEESK	NA	NA	8262.73	NA	NA
VSLENLFDTLK	NA	NA	NA	10288.6	NA
VSNYIDWINSVIANN	141060	484313	155150	193989	478006
VSTISLPTAPPATGTK	91005.4	210397	693600	184258	742837
VSYPIYHIK	956389	2474450	48257.5	194687	NA
VTDAGLLDAWNGLTPQDALNK	NA	143635	22922.8	62015	3651.35
VTEAVITVPAYFNDAQR	609795	831997	537623	739836	230192
VTEDQILGKPGDGFTQLLGTTAYGK	NA	NA	46262.3	39853.7	12667.9
VTFQMNDTHPTVAVAELMR	16281.3	NA	21693.4	8576.82	2986.56
VTGCNTEHHCIGGGGFFPQGKPR	295896.83	786656.4	473347.1	246339.46	1189980.1
VTGVPMVDLATR	44785.3	NA	44494.8	NA	NA
VTHEGSTVEK	NA	15211	NA	NA	19169.4
VTLNGKEYTPQQVSAMILQK	18342.4	15030.8	19537.9	27994.9	NA
VTLNPPGTFLEGVAK	NA	NA	NA	NA	5755.47
VTLQPYNVAQLQSSVDLSGSK	18174.9	16250.5	14091.6	22204.9	12413.4
VTMDQLSTVHHEMGHIQYYLQYK	2984.49	NA	NA	3399.01	1698.49
VTMSGPYGDFHPIFDSKK	6242.5	NA	NA	NA	NA
VTNDGVITIEESK	212445	167102	94930.9	155146	41549.2
VTQAVITVPAYFNDGQR	NA	18910.5	NA	NA	9502.6
VTQWMIDEFKK	10240.5	91026.4	6186.77	42033.4	NA
VTTHNLQVLK	127726	11478.7	32682.1	9572.48	37699.8
VTVQNLQVIK	64574.7	32616.9	36890.6	27088.9	128042
VVALAESTDNADVK	NA	7372.08	10701.3	31042.8	18925.7
VVCEVASHLVK	219844	NA	35627.1	NA	35185.6
VVFAEGIHPTMLK	NA	NA	NA	NA	5011.73
VVGGEEARPNSWPWQVSLQYSSNGK	3542.52	22167	NA	NA	2435.9
VVHGEDAVPYSWPWQVSLQYEK	353146	2833070	426109	486253	269365
VVISAPAGNDLPTIVYNVNHETLTK	36800.3	5346.02	NA	5962.42	3089.78
VVLAYEPVWAIGTGK	36776	9924.86	43440.8	NA	61724.1
VVNGEDAVPYSWPWQVSLQYEK	71710	256017	48856	18314.8	68789.9
VVRQEDMPFLADGTPVDIVLNPLGVPSR	5850.92	NA	NA	NA	NA
VVSMDENFHPLNELIPLVYIQDPK	NA	NA	2819.75	NA	2585.31
VVTMGEIMLR	NA	NA	NA	NA	28229.9
VVTMSDSDGYIYDPDGIDR	5864.17	NA	NA	NA	5151.73
VVTMSDSDGYIYDPDGIDREK	4008.92	2030.64	NA	NA	2477.57
VVTVAALGTNISIHKDEIGK	32303.7	32443.7	29553.7	21162.2	41172.5
VVVCQEHSCKPGQVCQPSGGILSCVNK	NA	3413.44	2195.73	NA	NA
VVVCQEHSCKPGQVCQPSGGILSCVTK	160025.77	NA	50816.5	129153.28	203199.38
VVVNGNPFYEYGHR	31159.7	36739.3	72730.5	52203.61	73940.7
VVVSQLHR	393437	264296	13891.5	211727	4421.5
VVVTGIEMFR	86184.1	NA	167368	23828.4	20313.4
VYACEVTHQGLSSPVTK	107183	2331.09	98435.1	2094.85	183965
VYACEVTHQGLSSPVTKSFNR	NA	3974.76	NA	NA	18093.68
VYANGQHLFDFAHR	19722.06	19691.54	20284.73	18504.94	19695.15
VYCPTGAISIR	NA	NA	23354.1	NA	NA
VYDSLLALPQDLQAAR	13324.4	20178.5	20802.6	NA	41700.1
VYFAAEDTDCCTR	1461.94	5353.55	2724.91	3039.69	5050.59
VYGPDDGDMCDWK	NA	1683.91	NA	6531.69	5221.69
VYLFDDMRPTPEMSFAIR	NA	NA	NA	NA	2821.09
VYNYVDWIK	146943	39095.5	350044	47146.8	884174
VYSGTVTAGSTVYNSVK	NA	NA	56045.4	NA	2221.99
VYTFEMQIIK	22723.1	54444.2	17750	33902.5	10277.7
VYTTEVVVEEQEFAESK	8358.31	4093.44	17733.5	7334.92	4825.97
VYVHAFLDGR	35196.8	65670.1	NA	65798.1	NA
VYVHCFLDGR	43492.1	13220.1	48484	33977.7	20314.1
WAHLDIAGVMTNKDEVPYLR	NA	NA	12258.9	5541.67	NA
WFGVTYAADR	120108	208973	49890.7	89778.5	NA
WGGHWLGDNYAR	21911.4	43768.6	40926.33	27396.4	32751.32
WGVFDEYNNDEK	NA	NA	NA	NA	341090
WHQTADFGYVPNPK	NA	6734.24	6236.68	NA	3505.3
WKDVPCEDK	NA	4796.12	26815.05	137477	131934.6
WLQGSQELPR	3244430	4945050	5642230	5382940	7472710
WLYSDHDIFFR	NA	NA	NA	4260.85	4344.96
WNNTGCQALPSQDEGPSK	42139.2	88690.2	62020.8	91632.6	86983.2
WNPAMAPYIFMER	32414	26387.3	NA	16544.1	NA
WNWWGSSVK	804127	2727970	954743	1310700	2348280
WNWWGSTVK	3356010	2551890	2749230	3565380	1868460
WNWWGSTVKK	66822.9	34685.3	56308.1	78689.6	44006.9
WQLGTIQVDYNLPQR	NA	NA	NA	15079.8	NA
WQQGNVFSCSVMHEALHNHYTQK	NA	NA	NA	9577.19	NA
WSVLPRPDLHHDVNR	7170.56	10399.9	12641.3	6942.07	7405.64
WVCTQAVCHGTCSIYGSGHYITFDGK	17232.02	16440.55	9595.69	22231.28	13909.61
WVGADHADDIQYVFGKPFATPTGYRPQDR	19365.3	16814	17170.8	NA	70007.8
WVILGHSER	NA	18487.6	NA	NA	NA
WVYMFTEGNANMR	12836.9	6339.8	31003.6	NA	NA
WYVVDATGYTLGR	45889	18746.3	51290.1	48783	48709.3
WYVVHTYSGYENK	9128.21	3629.6	7802.17	4102.08	NA
YAAELHLVHWNPK	NA	NA	NA	NA	7667.76
YAASSYLSLTPEQWK	640787.9	1854568.3	1212539	1488131	2213348.3
YAASSYLSLTPEQWR	NA	31498.9	NA	13427.8	41588.1
YAATSQVLLPSK	8039.54	10231.9	43769.4	47907	434491
YACGGWLK	45955.1	69987.9	76669	68394.8	332211
YADALDEENKAGFTVGEEIK	NA	NA	5681.71	NA	NA
YADIHLSHMAQMVR	19128.1	NA	NA	NA	NA
YADILLLK	NA	NA	11429.3	6202.41	8449.93
YAFEEAEHAAK	217903.4	27418.4	432062.2	11034.1	145200.4
YAFEEAEHASK	391614.1	273181.8	332590.2	452130.1	NA
YAIDPTKLETELGWKPK	36591.12	NA	13971	NA	15145.87
YALADTVSATDDSIIVDGK	6898.44	NA	20290.8	NA	NA
YANIGDVIVASVK	5750.92	NA	45436	NA	27879.8
YAQTPANMFYIVACDNR	NA	14952.7	12936.8	NA	43041.2
YASSIIKK	5735.28	NA	19946.7	12148.5	4444.81
YAVGQFNINNLEWTK	50944.9	16640.8	53549.7	36462.8	9277.7
YAWTTWPCEYK	11791	15471.5	15260.2	NA	10159.9
YCFAEEGEYHGR	14925.48	16081.2	13954.14	18281.53	8872.34
YCQSLGIIAGK	81085.2	37277.4	37435.7	16383.6	91322.8
YDEAPNNAAVDDELAALK	NA	NA	12379.3	NA	NA
YDGSSNFGPDNR	NA	NA	35722.1	16773.2	NA
YDLAFVVASQATK	63231.7	94184.8	53902.8	86674.2	63595.2
YDPTIEDSYRK	NA	9807.94	NA	NA	7639.35
YDSSQGKYALADTVSATDDSIIVDGK	NA	NA	2207.56	4949.2	3892.88
YDSTETDKGYTSVGTTSK	NA	NA	19630.019	6737.33	NA
YDSTQGNYSR	NA	96424.7	NA	NA	NA
YDVENISDDVFEK	22167.4	NA	43675.5	20673.1	12022
YDVENISDEVFDK	20200.5	NA	39043.1	NA	7767.11
YDVLVFGMPQK	NA	NA	18868.3	18315.9	8163.98
YEDLPENCRK	9037.19	NA	10895.1	NA	NA
YEDYLLGTSFARPCIAK	9622.26	12899.9	10249.36	15906.24	NA
YEELQQTAGR	NA	NA	45676.4	NA	3358.42
YEFGIFNQK	68040	63663.4	53363.6	51112.4	31080.6
YEVPVPLNIPSMPSSTPEGQLYDVLIKK	2145.01	5059.74	2066.6	NA	904.693
YFEELIDEMK	20655.3	NA	NA	NA	NA
YFENGKDVNDWVGPPNDNGVTK	NA	9315.75	NA	21013.8	NA
YFSVASGGGTGR	976880	687114	1968590	2117880	663048
YGAHIFHTNNK	19810.46	13036.97	21565.15	21742.63	NA
YGAHIFHTSNK	NA	4936.86	NA	9898.73	NA
YGAPPHAGLAFGLDR	63923.4	164970	7903.69	56786.3	NA
YGFHGTSHSFVSK	109814.7	54386.85	142276.2	133513.3	34308.91
YGFLLPESQIR	2404380	810541	4840780	9246930	7382720
YGHVTYFWNGNR	20076.8	NA	NA	NA	NA
YGIIYGGVQK	31485.1	17121.3	98492.2	46062.5	32094.4
YGKVWSDYVGGR	12041.1	15294.9	9932.61	15222.5	5906.04
YGLGFDLIK	NA	9416.96	29675.1	NA	NA
YGLPHISTGDIFR	47079.8	93241.9	43093	NA	10419.2
YGNEAAEETSILYGGSCK	98310.6	44313.4	24899.5	72521.5	NA
YGPESPERR	41565.6	49477.6	47259.8	25305.5	28904.8
YGSDKPDLR	25139.1	33294	NA	18642.1	9900.08
YGSLFDATQTMVAK	474264	544178.8	147358.1	473757.3	NA
YGSLFDATQTMVSK	118054	NA	40960.6	39093.13	NA
YIGSDEIWEESQNAIR	35981.7	30949.3	7860.44	14836	NA
YISGNVLTGK	123403	NA	65632.3	NA	82522
YKGILEVTGGR	50030	NA	73185.5	32820.3	16909.6
YKPTFTPHVDCGDNVIIINAAK	701856	407316	73562.3	358522	1475.12
YLDQVSDAHLSDDTK	7211.01	9883.72	3197.35	10316.4	NA
YLEGEEITIDELK	NA	12002.8	NA	NA	NA
YLEGEEITR	208268	224674	362208	346660	NA
YLEGEEITREELK	25778.21	22195.26	66062.3	54352.8	NA
YLELAQGYVTR	273516	175307	48119.6	431203	NA
YLFYPQFLCEPDSPK	NA	5844.08	5983.81	NA	3027.35
YLMGVGTPQNILEAIER	14313.3	27258.4	7589.43	10925.5	NA
YLQAYEMLTGK	NA	NA	32320.9	NA	NA
YLSYTLNPDLIR	49986.5	91235.2	268506	149842	834711
YLVGAGINTR	120050	34745.8	68329	NA	55589.1
YMETPNLDR	45207.3	NA	NA	NA	NA
YMHGAGTSPSADVFAYAAAQIK	11967.5	7470.31	NA	NA	NA
YMHHYNFPSYSVGEARPSR	7476.05	NA	NA	NA	4120.29
YMHHYNFPSYSVGETRPSR	NA	NA	NA	5424.32	NA
YNADLAQGIEEK	NA	32153	NA	NA	NA
YNKWETIEAWTQQVATENPALISR	102532	51301.8	165874	692859	309290
YNQYESMILPMVK	11437.6	6851.38	9545.09	NA	NA
YNVVATAYAQYTK	NA	NA	92688.6	186712	NA
YPDLIAELLR	12028.8	20730.8	18715.3	9322.8	55574.6
YPHHGAVAFGHYGK	37588.7	16712.3	32368.4	19928	NA
YQGGFIWDYIDQSIYK	4689.99	NA	4637.25	3933.15	NA
YQIPHISTGDIFR	67628.1	15106.2	161491.1	53669.3	13798.5
YQKEEFCGLLSSPTGPLSSCHK	166746	198660	116845	134676	159118
YQPMEPNPR	17767.6	104348	46809.3	168359	18721.3
YQPVSYKLCTR	NA	8807.68	9474.38	16261.5	13462.3
YQVAYCPSLVR	13846	NA	10911.1	13263.6	NA
YQYFNTSWADQLYR	128326	NA	NA	22411.1	NA
YSFTFELR	283827	109761	528898	2117970	1354440
YSGSSSLTLAEGDEVGR	NA	NA	21747.9	NA	NA
YSHWNAVESLGDWLK	4517.97	NA	NA	NA	2744.16
YSIPHISTGDIFR	28319.9	243438	26502.9	69577.3	10641.9
YSPQEISAMILQK	281770.7	73958.89	475555.8	336513.1	196721.55
YTACLCDDNPK	25851.6	86870.1	76123.8	773963	22473
YVAENLVFLAK	8631.25	NA	NA	NA	NA
YVASYVLEHLY	146125	63274.7	228703	550258	452521
YVFHQDIFR	29433.6	54636.3	NA	17343	NA
YVIIPTTFEPGHTGEFLLR	4973.91	12997.7	5606.38	7386.35	12296.1
YVTVVEIMGR	25686.1	NA	NA	54083.4	NA
YWCLWEGAQNGR	93395.4	180827	228374	193319	233807
YYGYTGAFR	21702.2	70891.3	47205.8	156967	25727.4
YYIEVANMPTTNDALNFLR	9040.01	7023.26	2945.54	3742.55	NA
YYITIIDAPGHR	NA	NA	NA	NA	12292.92
YYNSVEDGAR	NA	NA	9629.06	NA	55329.4
YYPLGQTFYPGPGCDSLCR	16946.3	15506.6	7859.87	7335.36	11396.3
YYTDSIVNPDGFAGFPCASYNVFTANK	45313.7	33154.4	142180	23338.1	276136
