Peptide.Seq	b14_02	b14_21
AAAAEYLDTYADGSK	NA	16715.5
AAANYLDIPLYR	21936.6	6703.85
AACAGEVNGEVVDLR	NA	3528.23
AADDAAGLSISEK	103161	566641
AADKPFLMPVEDVMTISGR	269421.6	32964
AAGIENFIHVR	18371.1	17378.5
AAGNNGLWEVTVALK	8709.38	68518.6
AAINNGYDMDIK	23858.1	NA
AALPAIFNPEDLNALEQALR	77171.7	15552.57
AANGVILITTK	351862	81822.3
AAVESGSAAASR	80926.3	41745.3
AAYEEAEHAAK	796093	445698
ACCCSDSFSCEYTR	9805.9	NA
ACFVLDAIR	674004	362839
ADIDYGFAEADTTYGK	343487	172075
ADLKDVDDSDLGLK	435493.5	NA
ADMTQAVLEGVAFGLR	4370.83	NA
ADVDDIDHLSNRR	16894	3052.42
AEEQGFEVFTAAEAAK	18696	NA
AEIDGDMGDSHVGLQAR	15127.4	NA
AEIGDHDENISYEQSIAHLEK	9582.95	20103.7
AELDFVEAK	NA	39478.8
AEVLQLELLKPK	9133.14	5992.95
AEYTAFENIDKAPEER	74041.29	NA
AFAEQLVNLTVK	152817	577014
AFATNFNPEINIR	136562	5267.47
AFSFSPQVLVEK	191047	31935.6
AFYPVETLIK	NA	15747.7
AGADLLVLAYHR	6689.85	29540.57
AGGVLSYGIPEFR	NA	8086.54
AGHYAVGQFNINNLEWTK	95386.95	201268.1
AGIIHTSIGK	511159	NA
AGLSANQIGVSLR	13197.7	7204.88
AGMQDSECIVAVNK	NA	2138.21
AGSDDKYQVVK	NA	8793.4
AGTYPNQDQDVNTSAIK	15220.9	NA
AHAEDINYDVAK	NA	3320.84
AHCFFHQVEGLYVDK	41958.56	NA
AHFRPEFINR	47017.4	30722.1
AHLLFTDLER	69635.9	27555.8
AHLNNLFFDPR	4163.27	NA
AHPDVFNTLLQVLDDGR	107914.5	NA
AHPDVFNVLLQVLDDGR	59155.01	10666.18
AHPDWNVKPEIMIPLVGDIK	14559.32	12829.52
AHPDWTIKPEIMIPLVGDVK	NA	1418.63
AHSIAAQGGINAAK	6792.86	5895.85
AIAEAEAYPGPSLIIAYAPCINHGIK	23644.7	53701.2
AIAEAEAYPGPSLIIAYAPCINHGIKK	NA	6210.76
AIASHALSIFGDHSDVYACR	11409.44	34870.3
AIDSMIPIGR	113443	27856.8
AIEDSPIESVEIR	17064.3	NA
AIEIVHTLGR	74975.6	NA
AIGDQLTCIFVDHGLLR	6477.88	NA
AIGIIINNPEFADVR	209172	NA
AIGNQLTCVFVDHGLLR	12025.6	4597.03
AIIASLHEFNPMMGHR	NA	3489.73
AIIDSLHEFNPMMGHR	29472.26	76974.09
AINPEAGFFGVAPGTSYK	NA	8626.98
AIQNAYLQGVYEGLAK	6971.91	NA
AIVSPSILSADFGK	8604.56	NA
AKDDYRPFVWQR	22244.7	NA
AKIDYNLLK	27464.1	75033.3
ALADEELPVYGNGENVR	NA	8719.69
ALAMENLEASADEQK	23547.4	34060.84
ALASHALSIFGDHSDVMACR	11721.39	13335.86
ALCLHIAHDCNLACR	12256.2	4801.91
ALFMPNGTWIVGEMAEAPR	44270.09	NA
ALNDYAPIQSGIMSTIHAYTGDQMILDGPHR	16148.21	NA
ALQYGMPPTSGIGIGIDR	165526	3210.01
AMADAGLKPSDLGKVLLVGGSTR	NA	6837.85
AMHPDSAGSQFFIMHK	6224.96	5516.21
AMVMFDMVR	NA	32455.9
ANDMGVICGVTTNPSLIAK	38555.9	33885
ANVLIFPDIDAGNIGYK	NA	94289.3
ANVLVFPDLDAGNIGYK	51865.1	63589.9
APDFPTGGYIYGISGVR	NA	22890
APEVTEAVR	16711.5	NA
APFFMYGEVCTR	36969.5	NA
AQEALGMVETR	25971.6	20179.1
ASADLFVLAYHR	74016.6	16977.92
ASADLLVLAYHR	NA	3368.34
ASDKPFLMPVEDVFSITGR	NA	2487.76
ASLATDSFLSAASFQETTR	23549.2	NA
ASLATNSFLSAASFQETTK	57218.2	12431.1
ASMISPDFVGHTVAVHNGNK	43670.6	NA
ASNAPELFAKPNIDGGLIGGASLK	366332	1424.93
ASNIGQVAQFAAAGK	71889.4	NA
ASVDAGAAAAANVGQVVSQHVIPRPHTDVEK	NA	6618.7
ATFEEALEDAKK	NA	11141.7
ATGIIVTDLMYK	NA	21452
ATILGHMQR	267507	57154.8
ATILGHVQR	139198	12099.2
ATPAPPVGPALGQHGVNIVEFTK	19314.6	15515.2
ATPDFLAQVMEHAQAR	15958.8	NA
ATQGLANYIIK	NA	7004.2
AVADLGVDMLAAGIGNIHGK	20926.3	18224.8
AVDKPFLMPVEDVFSITGR	39808.3	40113.39
AVFNVDNYKEYLSLQCDSALR	8269.21	NA
AVGESVQKPLLYYR	164247.9	20528.19
AVLHTALR	218633	76472.2
AVMKPTEGTILTVAR	5821	NA
AYCSLGEICGVLR	233926	NA
AYLVNTGWNGSGK	10838.8	17409.7
AYLVNTGWNGTGK	614808	149939
AYSMANYPAEGDR	NA	12534.5
AYYHETVEILEEK	11778.1	31077.3
CCYVGADAR	440614	NA
CETLGVACEK	NA	15859.1
CFAFLAGHESFAAAEGAIK	2760.14	3885.96
CHPFFTGK	42439.9	NA
CVDTSMGLTPLEGLIMGTR	4286.28	1378.5
CVDTSMGLTPLEGLVMGTR	33812.3	5731.95
CVGELLQNQFR	15232.9	NA
CVGLPGQTLQIK	61926.3	6418.85
CVYISGLPYSFENSR	NA	5281.57
DAFGSHDDSDHVYNTPR	5040.94	4925.99
DALNREESCGGHFR	15914.7	9167.81
DANKLVEEFMLLANR	4103.94	NA
DCDILIFDEPTR	7759.31	40299.3
DCNDLEVGNSAYNVPHR	53066.7	NA
DEEHQNVLLFIDNIFR	NA	1382.95
DESGLAKDFEIEGEFPK	13994	NA
DFTSYSFKPQLK	NA	2917.86
DGELCWEFDR	NA	3931
DGEVLIVDEFTGR	16208.9	NA
DGHDEASGIFK	66832.7	NA
DHAGIPHGGFVIR	NA	7875.74
DIDKPFLMPVEDVFSITGR	183853.2	140253
DIDNPFLMPVEDVFSITGR	90909	59502.7
DILIIGDLPIYVSR	11595	NA
DISFMEDLTHIFR	11521.34	NA
DISGFTHGIGWCAPQQGTCK	15140.1	8487.21
DISGLTHGIGWCAPQQGACK	36623.5	103145.36
DISGLTHGVGWCAPQQGACK	66272.5	161691.2
DISGLTHGVGWCAPQQGTCK	10662	243380.49
DIYRPAAWNAFGMDK	NA	3962.97
DKDAIIGSMLICEMAAYYR	5214.89	NA
DKDSVPYR	66558.7	42236.2
DKYIVMDENSK	77208.6	25521.59
DLGCNALWINPCFDSPFK	10803.8	NA
DLHVHVETK	NA	5532.71
DLLIRPIITEK	NA	10733.8
DLNAASLEAAMSMIAGTAR	5378.61	3432.59
DLSFLDAYPIESITVLK	6266.9	1316.07
DMQDMEFTVEHGK	72677.41	120254.12
DNGFNVIVGQRPGK	14240.5	7791.8
DNGLIVNTVTQLTDSPFR	5014.76	1990.55
DNHIDFAGGIDNAIDR	46958.63	NA
DNHIGAAGSVTK	NA	9644.47
DPETLEPVEYYCK	NA	5230.17
DQFAEAGIDKEFVQDNQSR	20718.4	NA
DQMVLDALAEK	NA	11318.2
DRVDDALHATR	11179.3	NA
DSAHIQEFEAEWR	NA	9578.36
DSEPTTSILTITSNVVYGK	60599.9	91228.5
DTDKPFLMPVEDVFSITGR	55641.5	155782
DTDKPFLMPVEDVFTITGR	42711.3	17313.4
DTLLDAQKHPEK	NA	2250.22
DVLLFPTMK	30568.2	9804.04
DVMILLDSITR	NA	2231.9
DVPGVGDDALKDLDER	NA	16376.2
DWFQTLPDFNAYVVR	34758.8	NA
DYATTFDFLKR	19890.8	36692.67
DYIHVVDLALGHVK	11645.2	4893.56
EATKDEVNAIYQK	17127.1	NA
EAWDALTDAQK	21539.5	18829.4
EDMTSQIATLQAALTTAAK	6681.95	49489.4
EEQDALTEVVLK	NA	8272.19
EFEPDGPNYTPR	NA	74670.9
EFEPYEVVATTYQAISGAGK	99248.4	38981
EFFGSSPLSQFMDQNNPLAELTHK	18069.8	NA
EFFGSSPLSQFMDQTNPLAELTHK	5491.08	NA
EFFGSSQLSQFMDQNNPLGELTHK	25184.7	4764.82
EFGISIPDDQAEK	12136	43894.8
EFIIFVGPSGCGK	128183	23899.6
EFLWQEGHTAHATAEEAEAR	NA	2674.49
EGDGLSCASIMADINPK	28014.3	NA
EGEIFGLYGLVGAGR	13361.5	10341.2
EGGCQTCYGAVDINNSDYK	NA	8943.13
EGGSVENTDIWGR	16628.9	NA
EGINFPFPQLTVHQA	NA	6699.07
EGLDVLEYFISAHGAR	5619.84	1916.96
EGLDVLEYFMSAHGAR	69909	12954.4
EGYPEIAEAYK	193125	NA
EGYPEVAEAYK	NA	43900.7
EHAALAPLYLGVK	NA	1655.84
EHPLIAEELMMPILGVVR	NA	9783.24
EHYEKPSVK	34098.3	NA
EHYEKPSVR	15230.2	7516.04
EIDFLGNAVNNPERPFVAILGGAK	46589.6	78933.3
EIDFLGNAVNNPERPMVAILGGAK	NA	5307.19
EIGHGALAER	73307.5	38637.3
EIGYLFGQYK	288681	192007
EIQIFHTILTTADNK	NA	1154.87
EKHTTKPLMGHFK	8069.31	28803.34
EKVVALAESTDNADVK	NA	1089.4
ELGDKLPADK	13543.2	13641.2
ELGHGALAEK	57546	9815.88
ELKENSYPGR	6378.19	NA
ELSSATTTNINLPFITATAEGPK	126018	32925.1
EMIAMLLAGGQGSR	18582.4	6446.78
EMIFTCDNVDAAEAYR	35835.9	NA
EMIWVGGGAGMAPLR	29710.7	75027.2
EMMWIGGGAGMAPLR	NA	13668.5
EMSLDDVVTYIATAVANR	100039.7	NA
EMTGAGMMDCKK	5994.34	2074.302
EMVSNAVDATQK	15724.8	NA
ENGDELSPGVNQSVR	68696.7	14506.6
ENPDIVKENIK	45052	NA
ENSLCGLGQTAPNPVLSTLR	NA	1250.85
EPDKSVLDSYADK	18788.9	NA
EPIVFDHDCR	NA	14857.8
EQHAEDKFYDVLEEVPR	11417.3	33061.6
EQLDDFCEILAESR	6330.89	NA
ESELLGLLCAHANEILQR	18169.9	10008.4
ESEPGIGFDALNER	81670.4	83577.8
ETDKPFLMPVEDVFSITGR	NA	142986
ETDTMPQWAGSSWYFLR	7173.02	NA
ETIANTLVPVVCGSSYK	105344	NA
ETTEAAMPTHTEAIK	NA	6729.65
EVFESLEPVVEKHPEYEK	31373.5	NA
EVGFMFGMYK	11572.3	34783.5
EVIPEFLMVLK	4083.78	21922.14
EVLKNETIAVIGYGIQGPGQACNLR	80455.9	NA
EVTKEVEVAGPR	NA	3692.24
EWECEVISNK	93217	49123.7
EYGVTAGFGLPVPR	NA	10363.9
EYTPQQVSAMILQK	13894.3	NA
EYYVGEDGQLVR	NA	211854
FAALVVVGDGK	41861.5	41322.2
FAALVVVGDR	NA	18471.3
FAAQHHFFGYEGR	NA	14428.6
FADNDLMGFPYQVVLGK	4654.01	NA
FAELLGEVLTDSTKK	22800.7	NA
FAELLGEVVTDSTKK	569736	496773.5
FALTIGDELPSGIIQMAK	71843.6	NA
FCQAFMTELYR	295541	47755.7
FCQSFMTELCK	12956.3	8617.5
FCQSFMTELYR	101657.1	29377.7
FDELTHDLVEK	NA	8430.82
FENADEYNLADEIK	41527.3	NA
FENAEEYTLAQEIK	NA	49423.8
FESLRPTPELSFAVR	NA	9373.29
FETGEGIEKK	NA	30616.8
FETNVGAGLPIIGTINDLR	42094	1883.53
FGALDVEENWDDEARR	NA	4717.15
FGAPLITNDGVTIAK	NA	24423
FGDKENPLLVSVR	50404.8	194689
FGDLENPLLVSVR	194408	NA
FGDQMNNVAVTDGDKVEAEQR	4495.99	20163.34
FGFIGQDELLAVAR	16952.7	NA
FGLADAGNIYGR	141957	65411.4
FGQPEVGLGITPGFGGTQR	84495.2	13789.9
FGSPLITNDGVTIAK	29517.8	NA
FGTLVGVDRPAAK	127514	104431
FIFNEIIPQDLGFVDR	12196.3	6442.66
FIFNEILPQDLGYVDR	10595.1	6603.76
FIGGHGTTIGGVIIDGGK	19874.07	14713.67
FIQMFSDVVMEVGK	15819.3	5996.16
FIQMYSDVVMEVGKK	16170.5	43887.57
FLCPVPGYDR	231437	155557
FLDEDPWER	250628	NA
FLFDLGVSCKEEPFQK	21226.7	NA
FLHTLKNMGPSPEPNLTVLYSSR	55342.52	7559.72
FLNAYYDAK	44768.3	95392.6
FLNNVLQAELEPIR	NA	7201.86
FLNNVLQETLEPIR	NA	2660.56
FLPYFFPDTFHEGGDPVK	10681.93	13827.34
FLPYFFPDTFHEGGDPVKEAK	NA	8593.16
FPEAFVQFK	69212.2	65044.6
FQHPVAGTYKK	947695	124536.7
FQPDWIVAIGGGSPIDAAK	126606.1	NA
FSAQHHFFGYEGR	197236.7	NA
FTATQDYNGNNDSNR	NA	1826.2
FTDKTDLVYFGNLK	9624.86	9775.78
FTGEIYVLTK	217470	NA
FTQAGSEVSALLGR	427537	99301.3
FVDKWDTPILCIHGEK	23560.5	14260.39
FVDPSTGFISSK	199726	NA
FVGMLTDSR	85297	15868.7
FVIGGPHGDAGLTGR	46711.4	NA
FVIGGPHGDSGLTGR	14275.2	17567.4
FVIHYDIPK	25131.8	NA
FVKDVVVK	78661.4	NA
FVNHLMYDGK	95446.8	8509.13
FVNHLMYDGKK	39689.58	NA
FVSPVSGVVTSVER	16162.8	159638
FWGLGGDGTVGANK	887535	20076.6
FWGLGSDGTVGANK	39234.5	NA
FYAEEEGKPR	37394.8	29043.9
GAVPTQSILTITSNVEYGK	140890.9	83555.2
GDADFMDYANIDKAPEER	73272.59	NA
GDGPEPELSLKPAAEK	45559.7	NA
GDPMPTPGIPESLNVLLHELR	104371	NA
GDYIICDDRDHASIVDGR	29597.5	NA
GEILGFSGLMGAGR	NA	19605.3
GELEITDINR	185676	84830.4
GETVWTIDPQAVIFIGR	NA	11626.7
GEVVWTVNPADVIVIGR	NA	5243.65
GFEFGDHYDK	31988.2	NA
GFIGPVNLPEGIR	12749.1	NA
GFMDASPVLLEPIVSMK	4830.89	7961.07
GFQGAIKR	46520.7	21769.2
GFVFPAGEIYGGTR	70141.7	31077.5
GFVITHGHEDHIGALPYVLK	NA	4240.34
GFYDGLIFHR	21228.5	14742.15
GGDGGEYGATTGRPR	NA	7645.34
GGHSGLEINEGR	81545.1	11624.8
GGTAALNAEVSPFGVKPDGVTWK	68029.7	NA
GHCVISDMFHLEAIK	16625.69	NA
GHETYGEDPYLTSR	NA	1609.67
GHPVLLNR	88250.4	NA
GIFSNEAGLGSAPIAAAAAQTK	19415.4	NA
GIIDAILDGSIDKAPTK	51240.3	169324.7
GIPCIYYGSEVGFR	381692	NA
GIPEILSPELLK	51093.1	45824.8
GITEPTPTFSACFGQAFLELHPTK	884138	142575
GITITSAATTCHWK	NA	1307.61
GKGDPAGWVAPVTPGR	99132.5	NA
GLFEALEGNPVTIR	65502.8	85547.2
GLGTAIISTSK	157720	9526.39
GLHVGHPLGYLATDVVSR	29905.5	3780.81
GLSMFIYDKR	22043.1	NA
GLTAATGMDALTHAIEGYITK	28615.2	1908.04
GLTYGGSLIR	NA	56884.6
GMDIIFVTTAK	235427	112283.9
GMDIVFVTTAK	NA	51682.1
GMGECCVSGCGDIAMDEENKK	NA	6220.57
GMGTCCVSGCGDIAMDEENKK	4181.58	4674.91
GMGTCCVSGCGDITMDEANKK	NA	568.384
GMGTCCVSGCGDIVMDEENKK	41564.8	NA
GNIDAALDIHAATHAFNDVQDFIK	121841.1	2131.57
GNIGVTTENIFPVIK	41245.2	NA
GPEYFVEAANMVLHR	9997.65	NA
GPGMFDISAFLGKEETLR	7619.84	NA
GPLTTPVGGGIR	78549.3	NA
GPNHGPAPIPEEGK	500392	17114.66
GPYSPVPLGDYMSGSNHVLPTGGTAR	4894.14	4776.7
GQNILGYRPYADDVVEYFVQK	195835	50156.5
GQNSPVDYFNKYPGR	NA	8249.04
GQVLAKPGSVHPHTK	31483.7	NA
GQVLAKPGTINPHTK	36121	NA
GQVLAKPGTVHPHTK	126562	20730.9
GQVLCKPGSVTPHTK	434033.8	4472.63
GQVLIKPGSVTCHK	11941.97	199909.8
GQVSELGAVNVMTGIYTGR	109510.5	36863.86
GQVTELGAVNVMTGIYTGR	17324.3	19067.32
GQVTELGAVNVMTGVYTGR	26000.4	34681.56
GSILIDGMPTAGKK	10732.6	NA
GSIQDGPGANAIWNITNVTR	70892.3	7023.49
GSSLVEIVSTCNSGWK	19501.3	NA
GSVMNPCDHPHGGGEGK	4538.83	2844.92
GSVMNPCDHPHGGGEGR	13265.1	NA
GSVMNPNDHPHGGGEGK	241783.43	111081.964
GSVMNPNDHPHGGGEGR	69510.42	51829.56
GTAHVGDQMEIVGIKEEK	16751	NA
GTMILNPSVTGLDFSYSK	NA	4109.45
GTNVAVGAENMYYEEK	29324.2	NA
GTNVQVGAENMYFEEK	NA	21962.77
GTPCLVAVEQDETGK	40859.3	NA
GTQAALLSEHYGIPAISTGDIFR	20829.4	NA
GTVMNPCDHPHGGGEGR	99261.5	NA
GTVMNPVDHPHGGGEGK	6938.56	3082.5
GVFINGSSGEGYMLTEEER	NA	4434.97
GVLILPTLEEAKK	33980.03	5261.46
GVNPDEVVAVGASIQGAILNK	5450.76	NA
GVSQGHSDAIR	NA	2951.68
GVTPPIDVLPSLSR	NA	32041.5
GYGITLGNSLR	78388	150362
GYSAELYPDGEAGYK	19423.8	15473.2
GYSVLEVLHAFEK	5244.38	NA
GYTAWDPTSYAFVK	22601.9	NA
HADVDKVVEATK	25004.83	38889.86
HDAFIEHDGK	37626.2	NA
HDSVEVPASK	38399	104500
HEQALVHEADAYAR	NA	17798.1
HETVDVPASK	154842	NA
HETVDVPASNMK	NA	9369.31
HGCGFDGLLK	NA	20259.5
HGCGFDGLLKR	NA	2904.43
HGFCGACATIYR	4061.57	3213.24
HGLVCLLHEKPFAGVNGSGK	13505.1	NA
HIGLYAYR	76977.1	NA
HIGPDEDVPAGDIGVGGR	NA	7981.37
HITVNYMMAK	36092	NA
HLAMMPHLER	92733.7	24570.8
HLGCQSGIILTASHNPK	NA	10367.1
HLGPDMDVPAGDIGVGGR	28650.9	NA
HMDAFQFIK	830606	NA
HMIMSGEYDK	16353.51	6409.35
HNFNAGPSILPR	15279.5	18170.9
HNILPLSK	37108.2	NA
HPLTDQGIEK	29414.6	5310.17
HPNTIALEEVER	NA	9695.92
HQELNQCLER	4652.92	NA
HTASHVLAQAVK	26611	NA
HTGLFPEQAANWDWFSK	13996.1	NA
HTVEAGEDYIVVDGK	11792.2	NA
HTVEAGEDYIVVDGKK	42640	NA
HVNVYDILNSNK	NA	23388.6
HVSNIKNVYK	NA	4639.53
HVSPAGAAIGLPLSETLAK	NA	32597.71
HYAHVDCPGHADYVK	1133757.1	287996.39
HYRDMQDMEFTVEHGK	2881	3001.3
IACDLVDEGHK	67723.6	NA
IACDLVDEGMR	NA	7267.84
IAEFGTVFR	386559	NA
IAFEEAEHAAK	185582.8	133988
IAGDDFDEALVR	113946	NA
IAGEQLPAVFNVSAR	133013	131168
IAGEQLPGVFNVSAR	82249.6	122386.24
IALGYTLDEIPNAITGK	9076.05	8084.81
IALLHYVDGEKR	NA	6325.49
IALLYYADGEKR	194228.8	19004.76
IANYPFTTLEPNLGIVSYR	4844.08	NA
IAPTAKPPVCK	NA	11168.4
IASELYLKR	NA	2369.02
IATELYLKR	77213.5	1956.38
IATPPFKPDR	NA	14352.9
IAVETFDER	38703.4	NA
ICHHMDWLGIR	33009.67	NA
IDAVPYIWK	19395.5	5825.26
IDGVLHEFSSIPGVK	45439	14541.8
IDILVNNAGITR	40865.4	60359.5
IDMSEYMEK	NA	6168
IDQMLSSDYETK	NA	4419.26
IEEAALTGESVPVEK	7400.54	NA
IFEETAANEKEHAK	17262.753	32997.037
IFENDPFAKLDQIGVGK	NA	4214.94
IFENDPFAKLDQVGVGK	9731.1	4219.67
IFESGVAYFK	10152.6	NA
IFETGPVFR	82992.3	NA
IFIVAETPEDVLTLVK	37416.74	1516.18
IFNDLQHTITGWPGGKPNADDTYRPER	138310	13551.73
IFQIFEGTNEVQR	NA	30311.8
IFSVEFLPGQFDQR	268233.8	17249.3
IGADFLYSVSTLHDR	5750.43	8315.8
IGAFLDWGLEK	20583.4	4481.08
IGDTHEGTATMDWMEQEQER	23849.5	NA
IGEDFPSDPK	25058.2	17231.2
IGEDFPTDPK	40715.8	56375.1
IGENKHTVEAGEDYIVVDGK	3474.67	NA
IGEVHDGAATMDWMEQEQER	30466.47	NA
IGGATFQVPTEIRPDR	241705	NA
IGGQAMDAMAR	43825.4	NA
IGLDYVSCSPFR	829551	202032
IGLGLQSFCIPGSVADDR	NA	4803.29
IGLMLDLSPR	24570	NA
IGLMPDIDSIPFIIAQEK	NA	1801.02
IGMDISNIIWDR	27214.1	NA
IGMTSVFSADGK	72203.8	53038.8
IGVGAENCADK	14016.2	14538.9
IGVMFGNPETTTGGNALK	75169.7	NA
IHIVGGGSNAGYLNELTAK	8252.82	7193.35
IHNELGWLPETK	75947.7	18679.2
IHPNMVVK	16525	9934.67
IIDYSLLSHVETPGLGSK	NA	1773.65
IIFLENYDMQLAR	9218.78	12637.03
IIGDHTDKYVQAYFQYDSK	265653	7358.55
IIGIDLGTTNSCVAVMEGGKPTVIANQEGAR	26708.9	495.547
IIGMGGALDSSR	89756.2	158622
IITGLPDTYGR	166234	501745
IIVTEIPYMVNK	NA	10533.3
IKSEGDFEAAR	15007.9	NA
IKVPESVMGVK	87596.8	NA
ILAMNESGKK	187774	NA
ILDLDKLLDR	14288.58	NA
ILGMGDVVSLVEK	NA	6110.42
ILGYDKENFVVK	NA	5778.51
ILIEPCAVLIHAVER	NA	34423.9
ILIEPCAVLVHAVER	55769.5	45174.2
ILMSQHIGAPAK	8923.65	NA
ILPGFVDNSITNPYGDGK	NA	13884.7
ILQMHANDRK	NA	4039.57
ILVCSGTGCIATGSNK	7296.72	6606.33
ILVVDDESR	25158.3	32478.9
IMTAWLQTWSDTEDKPQGCK	6858.12	NA
INGFTYVQTK	326924	11257.4
INIGLTFNER	NA	24020.6
INPLIGNAGVSAVPDSAR	6138.76	27934.2
IPAVYDAVKK	82813.6	NA
IPEDVAFADSR	67520.5	94498.9
IPEGPIAEK	49343	195820
IPEIVECHFTTGPYTMLTK	NA	6668.39
IPFVTAAMDTVTEAK	NA	6267.06
IPNPFMPDTPQR	NA	44077.6
IQDKEGIPPDQQR	67712.9	74413.7
IQEGINALAGYAEIFQR	28028.8	22456.2
IQHGSAWWFNDHK	88310.15	NA
IQITEMSDDKR	NA	1792.36
IQLVGFGTFEVSER	164879	16928.3
IQNAGTEVVEAK	46109.5	NA
IQVFEGTVLK	242874	120217
IRDTDMAEEMVNYSK	31652.6	NA
ISEVIDETQVVEGDLR	NA	16745.8
ISVINNLLDK	11747.7	16903.2
ISYAMFMGQLGNVEAIYR	NA	1819.98
ITDIMFEGTDEDLR	NA	2930.79
ITDMDLPLIPR	13571.2	NA
ITEAVGKSTNPANYLLAQK	120108	NA
ITFLDTPGHEAFTAMR	13649	16332.3
ITIYAIKDAK	9712.61	NA
ITSIYEGTTQLQTVAAIR	NA	9593.46
ITTYDEYLESDEMAR	20965.4	7145.39
IVFLDTPGHEAFTAMR	NA	14483.8
IVGLQTDKPLK	NA	3917.04
IVGSMGPIAPNR	NA	15629.8
IVGVDLPQNKR	18338.9	NA
IVINMGVGEAK	45530.9	172170
IVINQGLGMAVADK	NA	12810.3
IVINQGLGMAVADKK	4871.33	10910.6
IVPATCEIVDIAGLVK	4862.67	NA
IVPTIAIPHPLGNPALEKDEEYALR	5068.67	NA
IVTIGGGSSYTPELMEGFIK	10120.3	36068.1
IVWDVGHQAYGHK	6276.95	NA
IYHISQAIYGGGQPSGEAHAR	NA	14632.4
IYNLDFPDVIALR	7535.31	NA
IYSGGLGMLAGDYLK	27265.8	NA
IYTNCEDMPK	25128.9	NA
KAAAELGYPVIIR	20481.9	NA
KADLPFLMPVEDVFTITGR	7734.66	237366
KAFSLAIDR	NA	34372.7
KAGEPLSPGANPSYGAEQNGLLASLNSVAK	NA	8613.44
KAHPDWNVKPEIMIPLVGDIK	NA	8916.45
KAIEVAVSDDAK	7277.48	NA
KAISLGVSK	29694.3	8649.04
KATGLPAATSFK	17267.5	8465.02
KDFEQDFR	86467.8	12996.1
KDFVENYIFPTLK	30294.1	NA
KDGHDEASGIFK	135036	NA
KEEGELSFAAR	15968.5	NA
KELSSATTTNINLPFITATAEGPK	22697.3	9107.27
KENLDIAGVMNVLNK	NA	4238.92
KFGDLENPLLVSVR	35209	6732.63
KGDAVVEMNYK	9369.11	NA
KGELTVEQGK	12295.1	NA
KGIITGVHSAK	4232.42	3825.31
KGNLSIDSENIFPIIK	NA	4523.45
KGTVLTQMSK	18008	8381.4
KHVPVYVTEDMVGHK	54863.2	48720.3
KIDEMGGAVEAIDK	27301.3	NA
KIEDISGFTHGVGWCAPQQGACK	174398.5	9959.44
KIGMTSVFSADGK	13786.7	13544.2
KINWLDTTVK	NA	8412.43
KIPDAIFIVDPK	NA	34621.1
KISEYGLQLR	NA	21728
KITDMDLPLIPR	4688.91	NA
KITFLDTPGHEAFTAMR	13041.9	5269.57
KKPENPEYVER	NA	10073.8
KLEMLPIECIVR	241871.4	34497.74
KLGAEMDLFSFPDEIGPGLAVFHPK	12317.28	2196.78
KLPGQMGHVTR	NA	27359.75
KNIVAGNWK	NA	10247.4
KRPGMYIGSTGER	19168.7	NA
KSGGVTISHLR	14584.9	NA
KSIAQILLDEGYIK	12557.8	2273.15
KSLEFAQAGDNIGALLR	30960.1	NA
KSPIQDDYIEK	8050.76	NA
KTGGVTISHLR	1445923	22061.6
KVGLGHGNLGK	105924	72162.8
KYAFDDEGR	NA	23636.8
KYFSVASGGGTGR	65773.6	13745.7
KYGAPLITNDGVTIAK	5137.21	NA
KYGVQVIGCPK	27798.4	NA
LAACNVANAQQCVPVSMTGR	3227.5	NA
LAAIVTHVADAR	NA	2668.36
LACIDCVTDALTKR	5726.01	NA
LAIVERPVTAVK	1468.66	NA
LALHQLVADGR	73105.6	NA
LALHQLVTDGR	16247.3	NA
LALMEGPDFPIALGVIR	NA	1454.87
LASYGDIFVLDAFGTAHR	31359.1	NA
LATKEDMTSQIATLQAALTTAAK	NA	11066.5
LATLFYEPSTR	38907.7	22461.5
LAVTYPEIAAMQTR	131964	NA
LDCLLCLGGNGTHK	17711.8	NA
LDKTNIIHCPIGK	22258.4	11423.5
LDPVIGRDEEIR	20572.7	7324.53
LEELSGLSAEEAK	113687	NA
LEEMPGEEGYPAYLGSR	NA	3740.79
LEHTIDNLDNISENTSSAESR	9125.91	NA
LETSPEDITGMK	102232	64550.3
LFADEYPIQAVVNKQDLLDAISR	2979.05	2571.93
LFFTPNEQLQDKK	10026.5	NA
LFLQFGAQGSPFLK	11253.7	NA
LFNDGLGFR	NA	21670.2
LGAMALFGEK	21333.4	10321.6
LGAYYTTPYYK	NA	17704.2
LGDVMNAFR	84535.3	NA
LGELVATHVIPRPHTDVEK	157124	87355.7
LGFLPGDLSQK	NA	14989.7
LGGDDFDKR	12489.9	9593.34
LGHIMWEYVGMGR	5727.78	39649
LGHMVEDK	38747	NA
LGIQAFEPILVEGK	168362	61304.9
LGISWDEFIGMGR	63778.9	NA
LGIWVAHGEGK	19720	48164.1
LGLVPYGEICGQK	15675.3	9563.91
LGMGYGLFELK	18253	NA
LGNSEDYDKAFEK	16987.32	NA
LGTGEAVAFENIDKAPEER	NA	8667.31
LHANGVAIQLPIGQEDTFR	54629.88	NA
LHAQDGVDFVTLHCGITR	39899.3	NA
LHEIFTK	21122.1	107420
LHHLVDDK	54723.3	17086.1
LHMAATCLHYGQEAFEGLK	101811	NA
LHQFDKVEIVR	228549	NA
LIEHINTHPEFIQPVSR	7899.97	6342.32
LINNIMLDGK	58569.4	105092
LIVGGFEGVYEIGK	6724.8	5941.09
LKAHDENNECNIGDTVK	8438.18	7722.04
LKEDAESYLGEK	10809.1	NA
LKNIISGGVVEK	46381.6	10698.1
LLDEAQAGDNIGALLR	723036	1413120
LLDQAIAGDNIGVLLR	3212.57	NA
LLELGAPDIIVR	237550	131565
LLFDDIPYLK	6768.8	NA
LLYAYGEATVPK	33144.8	66198.9
LMSELPFMATENIMMDAVK	6424.39	NA
LMTGSQLNCGFANITTDTK	11542.3	36692.55
LMVTGGVEPTQENLTSWIK	5985.28	10903.7
LNEDQQMIHDLAK	NA	7390.49
LNEPVEIVGIKPTQTSVATGIEMFR	100416	NA
LNIPLMSAGMDTVTEHR	8302.19	6565.23
LNIPMLSAAMDTVTEAR	15116.4	NA
LNKVEEVMNAVYAK	NA	43374.8
LNSAIAQAYYAK	NA	7445.34
LNTHIGIGIPWDLDR	14934	33267.7
LPIGTMEVVDNFPYQALR	NA	2794.35
LPNPFMPDAPQR	57965.1	NA
LQQQLEIEEK	NA	6931.99
LQSFIINHAEK	12004.7	74512.2
LREDTQYDYK	12538.2	NA
LRLEDALAATR	31141.2	18528.9
LSAMVPLSEMFGYATNLR	7727.73	NA
LSFFWNAHNNVLEEVAK	236238	39690.9
LSPINQILVER	22077	NA
LSQMQNTQFQLADMHTR	48142.33	NA
LSTTITGLEMFR	86002.9	NA
LSWTQVETGSAITWK	15972.4	4407.26
LTDNFGFTGDFTYIVQHPK	5918.54	NA
LTLCNLSIEMGAR	49137.2	NA
LTLTGNLGDVMK	22474.5	NA
LTVAGMGDALATYFEAR	NA	12029.1
LTYQPEGGEK	NA	32357.2
LTYQPEGGEKEK	NA	11132.4
LVDVSQHMIVR	27855	NA
LVEDGIVDGWDDPR	37031.7	7519.66
LVEEFMLLANR	54591.9	NA
LVHVSTDYVFSGR	30004.1	NA
LVMELTFDKGR	10741.7	NA
LVNIDTYLAEVTK	14499.6	NA
LVNQGMIQGR	108182	15752
LVSGVDIWLNTPTRPLEASGTSGEK	NA	3832.26
LVSGVDIWMNTPTRPLEASGTSGEK	38429.3	7270.08
LYDTLTGIQMGR	32499.3	36217.39
LYLGNLDSLR	158086	60052.8
LYLSPQCGFASCEIGNK	18207.6	9255.67
LYTNCTAAVLR	14484.9	13340.9
LYVDTLNMIHYMHDK	NA	50911.68
LYVVDAFCGANK	98483.9	65017.9
LYVVDAFCGANKDTR	27528.6	12779.9
MAALSEIQWTMPEKK	NA	27628.31
MAEQACTTYGYQPSEK	2230.71	NA
MALNDKNEIIAFEFLNLGK	5841.74	NA
MDDVVFEEFK	40373.3	NA
MDEVIFEEFK	22852.8	NA
MDKNISFTLK	6631.24	32488.07
MDVIGNNIANVNTVAFK	8236.23	NA
MEAVIDDPFILITDKK	NA	17434.2
MFEVLGFTPER	122265	NA
MFYSIYDNGAK	26208.7	NA
MGDPETESVMLR	32822.9	NA
MGGQMGGDR	35490.5	7479.94
MGNTVLLATVCAAK	27055.3	NA
MGVEETGMGNVGHK	NA	2638.929
MGWFDCVASK	10303	15506.8
MIADLGIDFLAAGIGNIHGK	10932.5	69086.48
MIQIQPWESSLIK	NA	2706.6
MLVSATEMLK	255095	18627.6
MLVSATEMLKK	83998	2948.81
MNAYVASVIDYVK	22654	NA
MNKYELALVVNAK	NA	2889.79
MNQISPLAFVHPEAK	15416.9	NA
MNYCPLGSGALAGTTYPLDR	4245.17	NA
MPDLNAASIEAAMSMIAGTAR	20907.75	2280.95
MQAVINLYSALGGGRE	NA	6706.4
MQITDTIADLLTR	NA	6357.92
MTTPLVEMDGDEMTR	3298.16	NA
MVGEIEKHHEER	13141.9	10124.9
MVVQHNLQAMNANR	NA	60039.57
MWVNTYNDLPAGAPFGGYK	8803.21	NA
NAIADACTGSNPR	143963	8625
NAIGDACTGSNPR	19206.2	NA
NAIIIAPHPK	8766.96	NA
NALTTLPMGGGK	65411	60642.4
NCGHIVVGEK	3473.86	NA
NEASEDSVWWTSDEYK	NA	6298.63
NEITPGNFIFR	136161	43289.3
NFKDVVIVPSK	106797	NA
NGADQMVFQTEK	3513	NA
NGIIISPHPR	198750	92147.2
NGSAMLFVSSK	117043	NA
NHGPFTWGK	24284.1	NA
NHSATHLLQK	16355.1	4838.78
NHYAAEYIYNAYK	24313.9	33014.6
NIIPPAAIQEAMEK	NA	7798.75
NINLVADMLK	13916.9	30483.3
NIPCTVIEVGPCVVTQIK	8470.94	NA
NKAELHQLFFDLR	38575.1	NA
NLAIIVESAAVNHR	2633.76	18601.9
NLAVVLETAAINNR	8060.51	NA
NLDTLLHPQFDAAALK	142173	40265.1
NLPQVHTIVR	26790.7	8165.01
NLTCIFVDHGMLR	8683.8	NA
NMITGAAQMDGAILVIAATDGPMAQTR	NA	11818.4
NMITGAAQMDGAILVVAATDGVMAQTK	3822.35	85383.9
NMITGAAQMDGAILVVAATDGVMAQTR	NA	1251.41
NPDGTGVLAGLTNVCDVVGYKK	4615.67	NA
NQADQMVYQSEK	3463.05	NA
NSIAQIAPHYTMK	9918.69	6794.66
NSIATIAPHYTMK	63233.7	NA
NSLTGLPIGGGK	261422	650677
NSLTTLPIGGGK	234041	72593.3
NSLTTLPMGGGK	38255.5	75240.1
NSSFDYLAMQFR	NA	8498.24
NTPYAAQMAAEDCAK	19887.72	NA
NVGEIENASGVGTVGNAK	NA	17899.3
NVVDNLFLGR	152783	NA
NVVLLGHGGAGK	50421.8	205699
PTFNQLVR	778614	201151
PTINQIVR	252838	125601
QADEYKVPR	44400.9	6897.29
QADREGYPEIAEAYK	49742.88	NA
QAIDGDTAQVGPQIAEK	133772	2759.08
QAIDGDTAQVGPQVAEK	3781.31	3430.63
QAWFGCACCPSNICR	9870.37	NA
QDAEGMANGIAYLAK	NA	4331.18
QIAENPILLYMK	12533.7	NA
QILDFNGSGLSLMEISHR	41915.4	NA
QINDEIMAQIMDGVKK	6810.72	NA
QINDEIMAQIMEAITK	12968.97	9302.76
QLEALGFGNCPICVAK	27965.7	19303.2
QLFGESEGKDNK	20627.5	2377.29
QLGISPDALVLR	63055	17544.7
QLQNFSQEVINVICHYR	NA	9883.58
QLTCVFVDHGLLR	63462.8	8982.76
QNVVLATIEGLR	46051.1	57701.7
QNYSYAGVIEALSGAPFDVR	NA	6967.19
QNYSYSGIIEALSGAPFDVK	8080.71	NA
QPFPGPGLGVR	15149.1	16951.8
QSVNEPLQTGLKAIDAMVPIGR	9612.89	NA
QVATSVAVNDEDVAAFK	7624.13	NA
QVGDSVDAADKSAVEADIAAVK	76623.3	NA
QVNIPSYLVK	23442.9	268952
QWWDITEEDQK	12735	14356.4
QYFGETDETVNAK	NA	20890.4
RDGHEYEQTFR	NA	9671.52
REDGTYIR	7725.42	4534.28
RFEEHLQHEAETR	64082.4	NA
RIDQINAALAK	18940.4	93872.7
RIEEATGIETR	NA	6865.72
RIGGATFQVPTEIRPDR	34854.5	NA
RIGGATYQVPIEVR	NA	2493.42
RIGGATYQVPIEVRPER	22903.9	5443.47
RIPVQYAK	44520.7	NA
RLIVGGLER	16111.6	NA
RLLELGAPDIIVR	42590.8	18006.1
RLMDIGCYR	14762.9	NA
RLPDAIFVVDPK	227017	NA
RSEAELPAR	17457.6	6813.07
RTFAIISHPDAGK	12254.9	12372.1
RVELQNSGEYDK	4278.22	NA
RVVLTANAQK	NA	21279
RYAFEEAEHASK	19380.2	NA
SAAELNEELVAAK	70535.9	70078.1
SAGVAGVIRPSK	NA	3565.93
SALEIWKK	13064.6	8229.59
SALQNATSVASTLLTTESAVAIIK	8880.54	4808.86
SANVLIQNDGTMIPDGDEK	NA	2564.92
SAQTQSNEPAEPSFR	7586.52	NA
SAWDYGPLGVALK	52598.1	17969.5
SDFPNQINNVLAFPGIFR	27922.5	33886.1
SDIEIAQECTMEPITK	NA	100271.1
SDMPNQVNNSSVFPGLFR	20589.4	NA
SDYCQVCGYDGEIK	33911.9	NA
SDYPNQINNVIGFPYIFR	137476	4051.34
SEAELPARAEEVHHAK	NA	3402.03
SEHGFDTNIGDR	11957	NA
SGAPRPGFEGGQMPLYR	424261.6	33704.1
SGATRPGFEGGQMPLYR	271557	27123.8
SGAVDIVIVDSVAALVPK	5327.4	1978.28
SGGGVRPGFEGGQMPLFR	3707.54	4765.18
SGLLGISGVSSDKR	41852.3	NA
SGRPGPVVLDFAK	7003.93	2811.04
SGYVGNIIPR	2174880	29151.1
SHHNVGGLPEK	NA	2444.94
SIFALDGTTIVK	NA	18944.6
SIIWSSHDEEDLHK	NA	25066.9
SKPHVNIGTIGHVDHGK	214815	63638.5
SLDEGQAVTYDLTEGAR	51448.2	20171.2
SLDEVEAIGHR	NA	78973.7
SLGLDPIYLGIDKK	12952.89	30053.4
SLGLDPVYLGIDKK	NA	30312
SLGSNTPINIVR	23203.8	15965.9
SLGVFHLDGIAPAPR	62446.6	NA
SLIHNMVVGVSEGYTK	11545.2	27270.9
SLNNASQNNISIDK	495262	NA
SLVDDEKIDYCK	NA	5789.77
SMIGGYGHDDR	NA	2814.85
SNGVPEEYITGDKPDR	26443.3	NA
SNLFQGSWNFER	169612	NA
SNNHMYAQIIDDTVGNTLVSASTLQK	4214.9	2110.39
SNPLGLAEFTLSR	47750.2	12361.3
SNSPALQYGLNTLK	15363.7	NA
SPVILQVSK	2720970	207538
SPYYINQADFVACHNPAYIHMGMK	62222.42	NA
SQDGAAMSFGR	69845.3	21725.6
SQIAHGETVR	44564	11621
SQVGTLYGTLAK	66937.7	259081
SQVGTMYGTLKK	6733.77	17427.17
SRDEEIDYAEAHNIPLK	9303.1	NA
STGPYSLVTQQPLGGK	187783	44464.4
STLAYTLAGHPK	26285.9	21028.8
SVAHITGGGFYENIPR	36709.91	NA
SVGELLQNQFR	117237	20162.2
SVNMINSLQGK	25341.9	41664
SVSQQAIMEER	NA	4125.29
SVYISGLPYSFENSR	NA	7060.01
SWIIGLQEYR	34172.9	34980.9
SYDHNLVDK	27451.2	17062.8
SYTPQEISAMILQK	22208	7648.9
TAATVQENAEDIYAEAKQINEDR	NA	5672.3
TADKGDLIIPVVITVYADR	22284.7	104402.67
TAETYSEVVEGMMFDR	NA	3867.23
TAETYSEVVEGMQFDR	3751.83	NA
TAMEAVYGLLGVDR	25346.8	13936.6
TANLAGAHGVIIPK	NA	1872.01
TANLLREEGLNIIHLPK	37069.4	4781.72
TATSDQAQEVCGAIR	382075	NA
TAVAIDTILNQK	47740.8	23973
TAVQSGSIDEIK	23297	NA
TCEETQPICFENAK	14455.4	26163.4
TDDIDHLGNRR	1973.4	NA
TDEEGYALLK	10979.4	NA
TDGAMDAGNLLKPMLAR	15242.7	NA
TDQVDDPELLELVEMEIR	5619.11	4565.83
TEFDVELTEVGPNK	47466	NA
TEHMFFAEDR	350590.3	NA
TEHMFFDPER	551361.3	NA
TEHMFFEADR	104471	16418.44
TEHMFFEGDR	36438.3	56351
TEHMFFEGNR	7102.58	44059.4
TEHMFFGEGR	8478.97	29903.93
TELDLVEGMQFDR	NA	18111.4
TELLETIFGVR	22801.4	NA
TESMHGAGSPQAQR	18730.7	5440.23
TETPVVSNNSAHR	93285	32400.9
TFDPMDAESNPEAPLSR	6767.77	6187.87
TFQGVTEDAK	95003.3	88129.4
TGEISIHAEK	NA	4757.58
TGEYFDSPVTIGFMHYLK	NA	1927.55
TGGVTISHLR	61805.1	NA
TGVDSLAIAIGTSHGAYK	19689	NA
THYYGGIR	54948.9	18755.1
TIAIIGYGSQGHAHALNLK	156061.09	NA
TIEEAMEVTNK	NA	7436.04
TIGILTSGGDAPGMNAAIR	22341.7	NA
TIGVGLQSFCIPGSVADDR	NA	19281.7
TIIASLHEFNPMMGHR	NA	7776.89
TIINSLHEFNPMMGHR	54602.9	3679.45
TIIVVSSEMPEILGITNR	11848.73	15817.35
TILEALNTDLVCDAINTAMR	299365.5	36578.3
TIPYFDFVVPTELPGVDPK	52175.4	47836.1
TIPYFNFVVPTELPGVDPK	11922.4	47880.8
TIVSMNPVMIDGTGMCGGCR	2038.67	NA
TIVTNGDQTDTIYEGMDK	NA	6958.15
TKDFVNVVNNLK	NA	16367
TKEPGANGEPLYLDVK	87942.1	NA
TKPHCNIGTIGHVDHGK	242848	97132.5
TKPHVNIGTIGHVDHGK	419763.9	131283
TLDISAISFHK	104633.5	NA
TLECCSGDLADLK	60335.1	38676.3
TLEDHYR	65875.1	NA
TLLEALNTDLVCDAINVAMR	94685	1324.98
TLSIIKPDAVAK	NA	3577.18
TLTFESWLTPDAVGR	1416600	NA
TMFAFENWHSALEMK	16868.1	2127.1
TMGSGTLDVFATPALVALAEK	6625.31	NA
TMHTELDLVEGMQFDR	NA	2115.49
TMKTELDLVEGMQFDR	7209.32	3365.05
TNDVAGDGTTTATLLAQAIIR	5387.91	4847.32
TNHSIQDAAALAIYSPAGIVVHTGDFK	12704.5	NA
TNNVDAAAYLGTVIAK	NA	44946.2
TNTFQAVFR	21612.9	45946.4
TNTINVYDILK	5593.36	8098.49
TPLIISGQSGK	68828	29399.6
TPLVEMDGDEMTR	3601.67	NA
TPMHISEMEEK	NA	5709.4
TPMHISEMEQK	6018.48	13817.88
TPPAAVLLK	132883	268781
TPSSFLGSCR	17673.5	NA
TQDAIVSYGER	114528	NA
TQELLYFIR	31364.9	NA
TQYSLTDDQTK	69340	337516
TSPFAFTGNK	276341	243743
TTFFDPINSLVSGDK	NA	4468.83
TVAAADCLVPGIGEIIGGSQR	18794.5	NA
TVAAMDVLAPGIGEIIGGSQR	26853.5	NA
TVAAVDCLVPGIGEIIGGSQR	48121.21	14050.89
TVGLIENGSWAPLAAK	NA	4451.64
TVITQTDSAAQDVLEGDQK	13962.6	NA
TVLIQELIR	49071	91069.8
TVVTGIEMFR	2479450	457269
TVVTGIEMFRK	56506.9	12161.1
TVVVTGVEMFKK	8061.79	NA
TVVWNGPMGVFENPILAK	NA	6881.36
TVVWNGPMGVFENPTLAAGTIAVAK	66734	1584.19
TWDDLTKEEYK	NA	6174.55
TWVLDPVAAGIGK	15614.4	NA
VADKLNVISNLLEK	277357	16730.68
VADYIVTGQWAK	NA	51955.5
VAEKGDYETLK	NA	4844.79
VAGNTATDFENIDK	NA	13915.7
VAGNTATDFENIDKAPEER	36578.2	316213.02
VALTGLTMAEYFR	9336.15	NA
VALYGIDFLIEK	5429.79	6353.46
VASIVAPTSSNAAYTPNYK	NA	1211.29
VAVIGAGPSGLTVAGDLAK	8416.73	NA
VAVIGSGPSGLTCAGDLAK	27761.1	48044
VCDILENHYHDMQDMEFTVENKK	8484.4	NA
VCGILLEQGYQIPGAK	20174.5	NA
VDCEFGATAGK	538630	18358.9
VDDALHATR	39814.5	NA
VDFENIDKAPEER	24127.2	38439.65
VDGATSTNADNAIETIK	15322	299232
VEAENGATAGKFDLAK	NA	5342.94
VEGCGICGTDAHEFK	NA	7027.25
VEGCGVCGTDAHEFK	NA	8574.61
VEGNAAVDFENIDK	NA	23001.3
VEGNAAVDFENIDKAPEER	11272.2	281070.23
VESVDEVEIIR	82315.6	375860
VFAVEYLPGQFDQR	NA	19522.5
VFESQVYVLTK	59279.3	NA
VFIPVFPGTNCEYDSTK	3273.86	NA
VFIPVFPGTNCEYDSTR	18765.8	11944.4
VFMLKPADGIEGVK	22755.91	NA
VFNFCIQDSPR	31943.5	134524
VFNIYAWNEEFK	17010.9	NA
VFVEDGEGIR	38848.7	NA
VGAATEVEMK	159898.6	NA
VGAATEVEMKDK	14658.19	NA
VGAAVGAGAGNEER	26062.3	NA
VGGATFQVPTEIRPDRK	322967	NA
VGHIGLYR	23819.9	NA
VGHVATGDDQNFGNK	NA	667.623
VGIGGGSICITR	80846.1	30638.4
VGIGPGSICTTR	949214	396245
VGLDYVSCSPFR	33878	75071.6
VGLTGLTMAEYFR	10920.4	NA
VGLYYAETGASMRPSK	84723.3	NA
VGNLAFLDVTGR	123523	NA
VGQVISGEVYQVWK	124955	NA
VGSFDAGFGSSYLAR	54544.1	NA
VIDFTDVFVR	12221.1	3774.27
VIGQDEAVTK	36951	NA
VIGVGGGGGNAVNR	126493	12188.7
VIIAMGSVTEAAR	38882.3	150204
VINDNFGVVEGLMTTVHSTTATQK	202254	1839.63
VIPVTVIEAGPCTVVQK	11457.3	NA
VITTNLTYQTPELLSR	NA	5817.52
VIVEAVEEIKPEVLLFGASNIGR	49496.6	NA
VIVEGINMITK	NA	47646.6
VIVNEIVPPEAGYINTIISK	8975.21	4090.36
VLCEMGHSDR	NA	3150.17
VLDGAVAVFDAVAGVQPQSETVWR	21836.3	NA
VLDGAVGVFCAK	92677.1	37288.9
VLDIAHLLDR	NA	5573.43
VLFDLVPGHTSEEHPWFK	22714.1	NA
VLFSADGFGK	49005.6	30539.9
VLLIDDFLANGK	NA	2259.78
VLMSGPYGDFHPIFDSK	NA	13977.7
VLNIYCWNEEFK	40551.9	7143.33
VLPMDIMPEYLIK	NA	41653.7
VLPYQQDDFKGLFEALEGNPVTIR	6292.48	1438.7
VLTIGENIQIR	NA	18573.1
VLTKQDIIEIIK	NA	847.796
VLVCSGTGCIASGAQK	12714.2	7318.08
VMAEAETHELTQR	2052.51	NA
VMGGGFGGCTINLVK	NA	2231.22
VMVEAPDHDTCQK	2250.69	NA
VNCYGADDVR	1774120	154221
VNLCGGGFTGQSQALR	12118.8	7132.5
VNPPLRTDEDAEAIR	48604.8	NA
VNQIGSLTETLNAIEMAHR	260867	5859.58
VNVGFHWFDDKHATSYNNR	8425.17	NA
VNVNGGAIALGHPVGASGCR	44726.6	3183.53
VPGLVVSSTADPNGSPTITLR	5289.9	NA
VPTPTGSLTNLYAVVDK	45284.2	NA
VPVLNGHTAAVFVK	30274.96	14347.8
VQFNNAIGPYK	74629.1	42879.3
VQFNSAIGPYK	233098	311633
VQQIINSAYK	NA	27954.5
VQVPHYNYVGDSVLGFK	NA	5086.1
VRPEQGLLAMR	35887.6	NA
VSDKLNVINNLLEK	4628.14	NA
VSGYAVNFVK	55101.8	18912.4
VSYPIYHIK	2474450	NA
VTDAGLLDAWNGLTPQDALNK	143635	3651.35
VTEAVITVPAYFNDAQR	831997	230192
VTEDQILGKPGDGFTQLLGTTAYGK	NA	12667.9
VTFQMNDTHPTVAVAELMR	NA	2986.56
VTLNGKEYTPQQVSAMILQK	15030.8	NA
VTNDGVITIEESK	167102	41549.2
VTQAVITVPAYFNDGQR	18910.5	9502.6
VTQWMIDEFKK	91026.4	NA
VTTHNLQVLK	11478.7	37699.8
VTVQNLQVIK	32616.9	128042
VVALAESTDNADVK	7372.08	18925.7
VVCEVASHLVK	NA	35185.6
VVFAEGIHPTMLK	NA	5011.73
VVISAPAGNDLPTIVYNVNHETLTK	5346.02	3089.78
VVTMGEIMLR	NA	28229.9
VVTMSDSDGYIYDPDGIDR	NA	5151.73
VVTMSDSDGYIYDPDGIDREK	2030.64	2477.57
VVVSQLHR	264296	4421.5
VVVTGIEMFR	NA	20313.4
VYGPDDGDMCDWK	1683.91	5221.69
VYLFDDMRPTPEMSFAIR	NA	2821.09
VYSGTVTAGSTVYNSVK	NA	2221.99
VYTTEVVVEEQEFAESK	4093.44	4825.97
VYVHAFLDGR	65670.1	NA
VYVHCFLDGR	13220.1	20314.1
WFGVTYAADR	208973	NA
WLYSDHDIFFR	NA	4344.96
WNPAMAPYIFMER	26387.3	NA
WVILGHSER	18487.6	NA
WVYMFTEGNANMR	6339.8	NA
WYVVDATGYTLGR	18746.3	48709.3
WYVVHTYSGYENK	3629.6	NA
YADILLLK	NA	8449.93
YAFEEAEHAAK	27418.4	145200.4
YAFEEAEHASK	273181.8	NA
YAIDPTKLETELGWKPK	NA	15145.87
YANIGDVIVASVK	NA	27879.8
YASSIIKK	NA	4444.81
YAVGQFNINNLEWTK	16640.8	9277.7
YCFAEEGEYHGR	16081.2	8872.34
YCQSLGIIAGK	37277.4	91322.8
YDSSQGKYALADTVSATDDSIIVDGK	NA	3892.88
YDSTQGNYSR	96424.7	NA
YDVENISDDVFEK	NA	12022
YDVENISDEVFDK	NA	7767.11
YDVLVFGMPQK	NA	8163.98
YEDYLLGTSFARPCIAK	12899.9	NA
YFSVASGGGTGR	687114	663048
YGAHIFHTNNK	13036.97	NA
YGAHIFHTSNK	4936.86	NA
YGAPPHAGLAFGLDR	164970	NA
YGFHGTSHSFVSK	54386.85	34308.91
YGIIYGGVQK	17121.3	32094.4
YGLGFDLIK	9416.96	NA
YGLPHISTGDIFR	93241.9	10419.2
YGNEAAEETSILYGGSCK	44313.4	NA
YGSDKPDLR	33294	9900.08
YGSLFDATQTMVAK	544178.8	NA
YIGSDEIWEESQNAIR	30949.3	NA
YISGNVLTGK	NA	82522
YKGILEVTGGR	NA	16909.6
YKPTFTPHVDCGDNVIIINAAK	407316	1475.12
YLDQVSDAHLSDDTK	9883.72	NA
YLEGEEITIDELK	12002.8	NA
YLEGEEITR	224674	NA
YLEGEEITREELK	22195.26	NA
YLELAQGYVTR	175307	NA
YLMGVGTPQNILEAIER	27258.4	NA
YLVGAGINTR	34745.8	55589.1
YMHGAGTSPSADVFAYAAAQIK	7470.31	NA
YMHHYNFPSYSVGEARPSR	NA	4120.29
YNADLAQGIEEK	32153	NA
YNQYESMILPMVK	6851.38	NA
YPHHGAVAFGHYGK	16712.3	NA
YQIPHISTGDIFR	15106.2	13798.5
YSHWNAVESLGDWLK	NA	2744.16
YSIPHISTGDIFR	243438	10641.9
YSPQEISAMILQK	73958.89	196721.55
YVFHQDIFR	54636.3	NA
YYIEVANMPTTNDALNFLR	7023.26	NA
YYNSVEDGAR	NA	55329.4
