Peptide.Seq	b14_10	b14_20
AAAAEYLDTYADGSK	9874.02	28732.5
AAADLLVLAYHR	14232.6	64812.1
AAAIYAEAIYELIK	NA	5453.86
AAANYLDIPLYR	12960.9	13170.2
AACAGEVNGEVVDLR	26290.3	10830
AADAAAAIGEGLQAFCIPGSVADQRK	5588.19	6004.88
AADDAAGLAISEK	31446.8	NA
AADDAAGLSISEK	460731	386862
AADKPFLMPVEDVMTISGR	527224.2	221282.7
AAGIENFIHVR	12924	NA
AAGNNGLWEVTVALK	21255.3	NA
AAINNGYDMDIK	10242.4	10921.4
AALPAIFNPEDLNALEQALR	6237.91	30436.23
AALVTMSTCAVPSGGSK	NA	80568.5
AAMAGFADVPGTEIIVFYPK	NA	7731.01
AANGVILITTK	90805.3	NA
AAVDMALWDLLGQK	3740.91	NA
AAVESGSAAASR	373912	224058
AAYEEAEHAAK	762092	782604
ACCCSDSFSCEYTR	10768.9	9537.13
ACFVLDAIR	1456340	483265
ADHANTMNQLFAAYAR	8106.65	8900.43
ADIDYGFAEADTTYGK	435334	326699
ADLKDVDDSDLGLK	94429.6	173465.9
ADLPFLMPVEDVFTITGR	NA	5130.97
ADMTQAVLEGVAFGLR	32109.67	15008.7
ADVDDIDHLSNRR	NA	28534.6
AEAIQAAVDKVNEMLK	52938.25	NA
AEDRELFK	NA	13683.5
AEELNILIGSDAVDDEEVKEAVK	NA	7256.61
AEEQGFEVFTAAEAAK	66516	19182.5
AEIDGDMGDSHVGLQAR	9544.82	10285.4
AEIDQLTSEIDR	41072	NA
AEIGDHDENISFEQSIDHLEK	9084.4	NA
AEIGDHDENISFEQSVDHLEK	6663.8	8410.94
AEIGDHDENISYEQSIAHLEK	55095.8	40757.2
AELDFVEAK	255738	75859.2
AEVLQLELLKPK	2798.75	3675.71
AFAEQLVNLTVK	311657	213148
AFATNFNPEINIR	35596.8	87202.5
AFKDNAVELEER	NA	85484.3
AFSFSPQVLVEK	36511.5	114965
AFTAQIIINHVQAR	17571.1	NA
AFYPVETLIK	21607.5	23234.4
AGADLLVLAYHR	15634.48	48935.1
AGHYAVGQFNINNLEWTK	762185.3	322313.2
AGIIHTSIGK	49647	334330
AGLSANQIGVSLR	11389.9	9986.94
AGMQDSECIVAVNK	2580.5	NA
AGQINEETEYVLNR	4917.06	NA
AHAEDINYDVAK	34078.8	5890.96
AHCFFHQVEGLYVDK	3664.87	21550.55
AHFRPEFINR	42935.3	56234
AHLLFTDLER	53570.8	276644
AHPDVFNTLLQVLDDGR	NA	8716.46
AHPDVFNVLLQVLDDGR	32798.2	82186.8
AHPDWNVKPEIMIPLVGDIK	52411.45	82291.47
AHPDWTIKPEIMIPLVGDVK	37070.5	3712.92
AHSIAAQGGINAAK	9071.95	13194
AIAEAEAYPGPSLIIAYAPCINHGIK	131652	88184.1
AIAEAEAYPGPSLIIAYAPCINHGIKK	17723.8	13195.7
AIAMLPQFFEIADLADR	5814.14	3815.63
AIASHALSIFGDHSDVYACR	31868.4	57110.3
AIDSMIPIGR	188437	174606
AIEAAGLPVVHMCTVTPISMTVGANR	3605.71	5504.47
AIEDSPIESVEIR	NA	11982.4
AIEIVHTLGR	12342.1	17778
AIGIIINNPEFADVR	139401	363885
AIGNQLTCVFVDHGLLR	7725.97	4253.07
AIIASLHEFNPMMGHR	101022	NA
AIIDSLHEFNPMMGHR	122020.88	159772.11
AILASDMLNYQIK	14196.3	25518.1
AIMDASPIHVSIAGR	1840.65	2182.07
AINPEAGFFGVAPGTSYK	10906.6	64427.1
AIQNAYLQGVYEGLAK	14366.7	11130.5
AIVSPSILSADFGK	NA	16029.6
AKIDYNLLK	151690	70650.6
AKQPTPAFITSTLQQEASR	NA	6266.81
ALADEELPVYGNGENVR	NA	10655.5
ALAMENLEASADEQK	379968.1	86013.3
ALASHALSIFGDHSDVMACR	148158.7	62724.3
ALCLHIAHDCNLACR	10714.4	12879.2
ALCPDMAIIAPWR	NA	11705.4
ALELHPGDDPK	11144	NA
ALFMPNGNWVIGEMADAPR	7896.48	NA
ALFMPNGTWIVGEMADAPR	30639.06	NA
ALFMPNGTWIVGEMAEAPR	131855	48188.24
ALLPVIPSESEFPYAIR	26875.8	28176.9
ALNDYAPIQSGIMSTIHAYTGDQMILDGPHR	5142.92	10413
ALQTAGLEVTLIK	29569.4	25050.6
ALQYGMPPTSGIGIGIDR	12470.1	67387.1
AMHPDSAGSQFFIMHK	16542.9	13154.5
AMVMFDMVR	18623.5	NA
ANDMGVICGVTTNPSLIAK	79813.9	82332
ANVLIFPDIDAGNIGYK	88154.8	97124.8
ANVLVFPDLDAGNIGYK	622381	246501
APDFPTGGYIYGISGVR	10637.8	NA
APEVTEAVR	NA	47687.8
APFFMYGEVCTR	NA	44678.8
AQEALGMVETR	65275.4	36286.7
ASADLFVLAYHR	9956.01	51321.98
ASADLLVLAYHR	47970.8	22724.65
ASDKPFLMPVEDVFSITGR	NA	41826.6
ASLATDSFLSAASFQETTR	29508.3	27411.9
ASLATNSFLSAASFQETTK	52919.4	39903.8
ASMISPDFVGHTVAVHNGNK	NA	64832.1
ASNAPELFAKPNIDGGLIGGASLK	67134.4	161404
ASNIGQVAQFAAAGK	NA	86833.5
ATFEEALEDAKK	NA	36792.3
ATGIIVTDLMYK	16654.5	13037.5
ATILGHMQR	136541	162809
ATILGHVQR	259862	175473
ATPAPPVGPALGQHGVNIVEFTK	55200.7	43620.2
ATPDFLAQVMEHAQAR	9933.73	68076.7
ATTTDAEGMIKEGR	7695.83	NA
AVADLGVDMLAAGIGNIHGK	102593	53160
AVDKPFLMPVEDVFSITGR	392237	456806.9
AVEDLVNQQIFASKPVVTR	NA	10606.4
AVFNVDNYKEYLSLQCDSALR	16229.9	14876.4
AVGESVQKPLLYYR	51237.4	73780.1
AVLHTALR	75100.4	118874
AVMKPTEGTILTVAR	6327.24	7681.55
AYCSLGEICGVLR	29526.9	NA
AYLVNTGWNGSGK	76785	44140.7
AYLVNTGWNGTGK	359988	368084
AYSMANYPAEGDR	7949.93	NA
AYYHETVEILEEK	27420.4	NA
CCYVGADAR	683503	545683
CDTLIIGGGMAYTFLK	19258.3	NA
CETLGVACEK	36242.7	22165.8
CFAFLAGHESFAAAEGAIGLAR	32068.3	4322.21
CFAFLAGHESFAAAEGAIK	2817.87	5815.53
CHPFFTGK	56845.3	NA
CVDTSMGLTPLEGLIMGTR	4187.84	8334.36
CVDTSMGLTPLEGLVMGTR	8789.49	14084.5
CVGELLQNQFR	23275.8	14228.3
CVGLPGQTLQIK	24998.3	56977.6
CYDIEDELKK	NA	14346
DAFGSHDDSDHVYNTPR	16274.1	9286.27
DALNREESCGGHFR	17189.9	31629.4
DANKLVEEFMLLANR	NA	2602.99
DAPSQEALDALK	103563	NA
DAVAATSTQILQGITR	NA	31533.5
DCDILIFDEPTR	109387	74364.8
DCNDLEVGNSAYNVPHR	NA	28020.7
DEEHQNVLLFIDNIFR	2799.88	2029.27
DFQHIQHYFK	NA	4497.97
DFTSYSFKPQLK	5648.02	7465.75
DGELCWEFDR	29131.8	9544.4
DGEVLIVDEFTGR	41193.8	NA
DGHDEASGIFK	NA	18064.1
DGIDLENYSEELKK	10993.3	NA
DHAGIPHGGFVIR	75472.5	NA
DIDNPFLMPVEDVFSITGR	41264.9	66562
DILIIGDLPIYVSR	3961.89	14153.6
DISFMEDLTHIFR	47073.3	36086.5
DISGFTHGIGWCAPQQGTCK	43590.7	18438
DISGLTHGIGWCAPQQGACK	78262.8	32852.8
DISGLTHGVGWCAPQQGACK	422059.86	226297.94
DISGLTHGVGWCAPQQGTCK	86264.4	76903.9
DIYRPAAWNAFGMDK	16368.1	16827.9
DKDAIIGSMLICEMAAYYR	5992.06	15307.9
DKDSVPYR	29308.1	23437.6
DKVVAAEVENVK	7891.42	41765.1
DKYIVMDENSK	78190.2	70837.86
DLGCNALWINPCFDSPFK	4786.22	5789.62
DLNAASLEAAMSMIAGTAR	23828.5	4810.03
DLSFLDAYPIESITVLK	NA	69953.3
DMAGLLLPYK	11611.2	10563.6
DMEDPILISGTDGVGTK	NA	22105.75
DMLVLHPLPR	12128.4	NA
DMQDMEFTVEHGK	284629.3	206462.47
DMQEDKELTFDAIDTVK	8311.25	7848.06
DNGFNVIVGQRPGK	5918.49	26122.9
DNGLIVNTVTQLTDSPFR	55744.6	14369.9
DNHIDFAGGIDNAIDR	NA	9753.3
DNHIGAAGSVTK	NA	6024.75
DPFSLIPVVLGHEGTGEIVK	31957.4	59913.41
DQFAEAGIDKEFVQDNQSR	13609.1	24351.2
DRVDDALHATR	7232.48	30965.77
DSAHIQEFEAEWR	NA	22613.36
DSEPTTSILTITSNVVYGK	167770	41656
DSLLLEFVQTATK	9741.26	NA
DTDKPFLMPVEDVFSITGR	116767	144656
DTDKPFLMPVEDVFTITGR	32437.4	12842.1
DTLLDAQKHPEK	NA	4391.82
DVLLFPTMK	67654.8	49112.8
DVMILLDSITR	7260	10619.4
DVPFETFLANIPACR	59044.31	56117.61
DVPGVGDDALKDLDER	26354.8	26928
DWAGGSWVEDDKPK	NA	3817.51
DWDSVLAAIGHGGLK	2093.91	NA
DWFQTLPDFNAYVVR	41672.3	24976.4
DYATTFDFLKR	82611.9	84594.8
DYIHVVDLAIGHLK	3039.89	5024.29
DYIHVVDLALGHVK	24910	18149.5
DYTPQEISAMILQK	NA	27449.1
EATKDEVNAIYQK	3790.87	39429.9
EAWDALTDAQK	64738.5	44388.1
EDMTSQIATLQAALTTAAK	25155.11	NA
EFEPDGPNYTPR	152058	47765.5
EFEPYEVVATTYQAISGAGK	96870.6	44542.4
EFFGSSPLSQFMDQNNPLAELTHK	4063.68	18944.8
EFFGSSPLSQFMDQTNPLAELTHK	NA	5267.22
EFFGSSQLSQFMDQNNPLGELTHK	18476.1	13169.1
EFGGSDTCATAIIISTALKK	2303.3	3607.42
EFGISIPDDQAEK	27540	NA
EFIIFVGPSGCGK	129525	173421
EFYVNDAGNQIEK	20205.1	NA
EGDGLSCASIMADINPK	5144.07	6525.35
EGEIFGLYGLVGAGR	50005.6	16364.5
EGFEQISALFLK	NA	16928.4
EGLDVLEYFISAHGAR	6099.64	12177.6
EGLDVLEYFMSAHGAR	58290.1	58402.4
EGVFAGGDAVTGAATVILAMGAGK	NA	10463.4
EGYPEIAEAYK	316819	450072
EHAALAPLYLGVK	2591.32	NA
EHYEKPSVK	4313.04	17200.7
EHYEKPSVR	34451.4	21995
EIDFLGNAVNNPERPFVAILGGAK	343611	132393
EIDFLGNAVNNPERPMVAILGGAK	2401.79	NA
EIELEDPFENMGAQLVK	NA	7418.7
EIGHGALAER	147485	90647.7
EIGYLFGQYK	293319	223734
EIKDISGLTHGVGWCAPQQGACK	NA	4816.99
EIQIFHTILTTADNK	3719.5	NA
EIYDNGDSLIMVATDR	NA	18803.5
EKHTTKPLMGHFK	6983.49	7133.31
EKTGCGMMDCK	1223.96	NA
EKVVALAESTDNADVK	NA	2123.61
ELGHGALAEK	32794.1	30631.8
ELKENSYPGR	17303.5	6267.36
ELLAQNAEHK	12876.1	NA
ELSSATTTNINLPFITATAEGPK	158298	120289
EMIAMLLAGGQGSR	19638.9	27741.2
EMIFTCDNVDAAEAYR	7830.11	10485
EMIWVGGGAGMAPLR	38472.1	24042.1
EMLSPTSAIAGMGLDKDVALITDGR	12162.1	NA
EMMWIGGGAGMAPLR	NA	9176.76
EMSLDDVVTYIATAVANR	5271.22	33807.5
EMTGAGMMDCKK	7371.01	3411.64
ENGDELSPGVNQSVR	13044.3	33061.1
ENPDIVKENIK	NA	18447.4
EPDKSVLDSYADK	41700.6	13335.1
EPIVFDHDCR	3502.57	NA
EQHAEDKFYDVLEEVPR	106938.4	33183.5
EQLDDFCEILAESR	NA	8447.34
ESELLGLLCAHANEILQR	10521.7	8088.44
ESEPGIGFDALNER	589350	83134.8
ETALGMPYVPEHAAALFSCR	8803.06	NA
ETDKPFLMPVEDVFSITGR	1454820	529885
ETDTMPQWAGSSWYFLR	14970.3	6334.7
ETIANTLVPVVCGSSYK	102234	158212
EVFESLEPVVEKHPEYEK	36086.47	29770.83
EVGFMFGMYK	9558.43	8957.28
EVIPEFLMVLK	51458.9	69152.2
EVLKNETIAVIGYGIQGPGQACNLR	12614.6	45834.4
EVLNFCANNYLGLSNHPR	7437.87	NA
EVTKEVEVAGPR	4481.12	NA
EWECEVISNK	68749.2	119841
EYTPQQVSAMILQK	18642.3	36114.1
EYYVGEDGQLVR	10981.4	NA
FAALVVVGDGK	90930.1	135463
FAALVVVGDR	14026.2	214310
FAAQHHFFGYEGR	26112.2	93310.1
FADNDLMGFPYQVVLGK	NA	9252.72
FAELLGEVLTDSTKK	13648.5	15960.4
FAELLGEVVTDSTKK	898305	1225401.8
FALTIGDELPSGIIQMAK	NA	24595.3
FATLGGNVSTNAGGMR	7081.56	NA
FCQAFMTELYR	87254.9	234199.8
FCQSFMTELCK	14495.9	12066.8
FCQSFMTELYR	213321.5	181682
FDELTHDLVEK	15550.5	NA
FENADEYNLADEIK	13995	16365.9
FENAEEYTLAQEIK	28210.3	16510.9
FENASEYSVKDEIK	23497	5369.69
FESLRPTPELSFAVR	NA	6676.75
FETNVGAGLPIIGTINDLR	14400.9	32635.3
FGAPLITNDGVTIAK	335775	28987.8
FGDKENPLLVSVR	526441.55	276096
FGDLENPLLVSVR	91069.5	110526
FGDQMNNVAVTDGDKVEAEQR	5168.11	NA
FGFIGQDELLAVAR	45468.6	8631.57
FGLADAGNIYGR	103535	90782.6
FGQPEVGLGITPGFGGTQR	12955.2	9493.58
FGSPLITNDGVTIAK	98624	29909.7
FGTLVGVDRPAAK	67214.4	60748.1
FIFNEIIPQDLGFVDR	77131.47	31252.86
FIFNEILPQDLGYVDR	12446	11214.9
FIQMFSDVVMEVGK	17751.1	21181.2
FIQMYSDVVMEVGKK	127100.2	53769.89
FLCPVPGYDR	301339	186133
FLDEDPWER	266303	311820
FLFDLGVSCKEEPFQK	NA	10226.5
FLHTLKNMGPSPEPNLTVLYSSR	215908.9	58056.9
FLLDENFIEIHTPK	NA	4186.46
FLNAYYDAK	604524	196508
FLNFFEER	NA	20662.4
FLNNVLQAELEPIR	NA	12392.9
FLPYFFPDTFHEGGDPVK	62308.4	23106
FLPYFFPDTFHEGGDPVKEAK	43218.3	11310.59
FNEIYLLK	NA	28138.4
FNQFGGSQATYNWELK	143315	196325
FPEAFVQFK	520947	216240
FQHPVAGTYKK	438613	543155
FQPDWIVAIGGGSPIDAAK	72827.84	77792.94
FSAQHHFFGYEGR	30926.2	7873.05
FTASVNLAPSFFDDHLK	10078.4	NA
FTDKTDLVYFGNLK	74167.7	NA
FTGEIYVLTK	51672.9	311401
FTKEDSGTAEAPVK	2970.04	NA
FTQAGSEVSALLGR	191581	353081
FTSAELIEHWKK	18662.1	NA
FVDKWDTPILCIHGEK	13769.6	NA
FVDPSTGFISSK	35490.4	93562.8
FVGMLTDSR	18690.5	40373.5
FVIGGPHGDAGLTGR	NA	13296.1
FVIGGPHGDSGLTGR	46975.4	26548.1
FVIHYDIPK	5542.27	11186.6
FVKDVVVK	57057.7	89656.5
FVLGGPAADTGLTGR	17122.5	NA
FVNHLMYDGK	14178.3	99277.2
FVNHLMYDGKK	5246.76	30459.9
FVQAGSEVSALMGR	11486.6	17682.1
FWGLGGDGTVGANK	233978	680527
FWGLGSDGTVGANK	48061.3	36421.4
FYAEEEGKPR	8561.52	30079.2
FYTTVGNGTAVASAK	29334.2	17990.6
GADATIAVLNVSLK	6227.34	NA
GAMVYQSPMSIIDLK	NA	29910.2
GASKGEGLGNQFLANIR	4357.23	NA
GAVPTQSILTITSNVEYGK	70492.64	65373.3
GDADFMDYANIDKAPEER	NA	53252.46
GDPMPTPGIPESLNVLLHELR	2490.35	59437.4
GDYIICDDRDHASIVDGR	NA	8179.74
GEAPVNGCPVGGEPVGK	13855.8	5716.15
GEILGFSGLMGAGR	35197.2	25050
GELEITDINR	95178.5	130330
GETVWTIDPQAVIFIGR	18604.4	NA
GEVVWTVNPADVIVIGR	NA	9189.52
GFEFGDHYDK	28878.7	71146.7
GFIGPVNLPEGIR	NA	35142.5
GFMDASPVLLEPIVSMK	88423.8	22035.7
GFQGAIKR	88498.6	57915
GFVFPAGEIYGGTR	33937.4	43513.6
GFVITHGHEDHIGALPYVLK	12904.2	5099.16
GFYDGLIFHR	67969.02	40616.7
GGAEIEVTKK	7321.2	4731.25
GGDGGEYGATTGRPR	7597.42	15295.8
GGHSGLEINEGR	NA	32337.7
GGTAALNAEVSPFGVKPDGVTWK	9895.46	33087.4
GHCVISDMFHLEAIK	10966.43	28240.2
GHETYGEDPYLTSR	3162.62	NA
GHPVLLNR	110682	131033
GIASMHCSANTDK	5352.58	NA
GIASMHCSANTDKEGK	NA	4837.86
GIFSNEAGLGSAPIAAAAAQTK	14792.8	15448.2
GIIDAILDGSIDKAPTK	123055.1	80196.3
GINPDTDEEETRPASDDEPFAALAFK	NA	7698.52
GIPCIYYGSEVGFR	NA	107759
GIPEILSPELLK	304356	113057
GITEPTPTFSACFGQAFLELHPTK	594946	586779
GITITSAATTCHWK	NA	2757.48
GKGDPAGWVAPVTPGR	14819.8	101263
GKGVSFMENQVGWHGK	20801.1	12691.9
GLFEALEGNPVTIR	803110	279559
GLGTAIISTSK	401373	381408
GLHVGHPLGYLATDVVSR	12674.7	15537.3
GLIPAIVQDHYTK	3642.42	6848.06
GLSMFIYDKR	NA	17228.6
GLTAATGMDALTHAIEGYITK	98412.9	163657.6
GLTYGGSLIR	355496	NA
GMDIIFVTTAK	326280.3	174543.7
GMDIVFVTTAK	44672.6	23021.5
GMFSMMNYYLPLK	6164.28	NA
GMGECCVSGCGDIAMDEENKK	35195.3	13617.1
GMGTCCVSGCGDIAMDEENKK	36395.06	NA
GMGTCCVSGCGDIVMDEENKK	NA	6936.6
GMQFLDLIQEGNLGLIK	5322.53	NA
GNIDAALDIHAATHAFNDVQDFIK	37863.3	20985.73
GNIGVTTENIFPVIK	NA	20370.5
GPEYFVEAANMVLHR	NA	14189.11
GPGMFDISAFLGKEETLR	NA	2972.31
GPNHGPAPIPEEGK	53207.6	214114.1
GQNILGYRPYADDVVEYFVQK	245280	180464
GQNSPVDYFNKYPGR	13726.5	NA
GQVLAKPGSITPHTK	NA	5890.96
GQVLAKPGSVHPHTK	137661	79824.156
GQVLAKPGTVHPHTK	19459.6	76367.9
GQVLCKPGSVTPHTK	88143.03	438684
GQVLIKPGSVTCHK	20931.08	193881.8
GQVSELGAVNVMTGIYTGR	209846	202812.6
GQVTELGAVNVMTGIYTGR	22224.8	13308
GQVTELGAVNVMTGVYTGR	24157.8	NA
GSILIDGMPTAGKK	7094.41	NA
GSIQDGPGANAIWNITNVTR	20495.6	39408.9
GSLEEQTMNMAK	29589.09	19807.3
GSVMNPCDHPHGGGEGK	11138.58	20005.27
GSVMNPCDHPHGGGEGR	48886.8	21268.3
GSVMNPNDHPHGGGEGK	485742.77	508143.95
GSVMNPNDHPHGGGEGR	100746.67	231442.8
GTAHVGDQMEIVGIKEEK	98027.8	27727.69
GTLHVNDPLEIIGIK	12122.3	NA
GTNVAVGAENMYYEEK	5841.25	13572.3
GTNVQVGAENMYFEEK	12048.95	3042.37
GTPCLVAVEQDETGK	221292	88162.8
GTQAALLSEHYGIPAISTGDIFR	4875.6	4998.64
GTVMNPCDHPHGGGEGR	10846.8	160960.2
GTVMNPVDHPHGGGEGK	4448.43	10803.9
GVFINGSSGEGYMLTEEER	3093.78	NA
GVLHVNDPLEIVGIK	NA	26053.6
GVLILPTLEEAKK	13427.73	36954.5
GVNNPLSLVNPNDIESFTVLK	7768.98	14999.8
GVNPDEVVAVGASIQGAILNK	8969.1	32770.6
GVSQGHSDAIR	4687.31	4699.7
GVTPPIDVLPSLSR	15534.4	18005.7
GVYTGYVYVADPNGAGLQFK	19508.6	NA
GYGITLGNSLR	62011.9	116408
GYSVLEVLHAFEK	16811.69	11852.73
GYTAWDPTSYAFIK	22255.9	NA
GYTAWDPTSYAFVK	12185.6	9537.78
GYVSAYMSTDMEK	4753.96	NA
HADVDKVVEATK	169821.6	104843.5
HDSVEVPASK	265187	84258.4
HEQALVHEADAYAR	28159.55	17552.5
HETVDVPASK	41840.3	78180.4
HETVDVPASNMK	10088.9	15994.2
HGCGFDGLLK	7105.32	NA
HGFCGACATIYR	10089.7	4705.26
HGLVCLLHEKPFAGVNGSGK	43109.5	NA
HIGPDEDVPAGDIGVGGR	NA	10761.5
HITVNYMMAK	NA	27406.4
HLAMMPHLER	38757.4	81976.4
HLGPDMDVPAGDIGVGGR	20319	13221.6
HMDAFQFIK	8107.91	12344.9
HMIMSGEYDK	10050.79	21804.665
HNFNAGPSILPR	8111.61	NA
HNILPLSK	NA	29984.2
HPLTDQGIEK	38863.3	33763.9
HPNTIALEEVER	29130.6	15042.3
HQELNQCLER	NA	4550.67
HTASHVLAQAVK	6279.31	17413.9
HTGLFPEQAANWDWFSK	NA	1347.91
HTVEAGEDYIVVDGK	NA	7017.41
HTVEAGEDYIVVDGKK	15512.3	36632.3
HVSNIKNVYK	6760.95	8733.59
HVSPAGAAIGLPLSETLAK	59114.64	24048.47
HWLVMPEYR	NA	22612.3
HYAHVDCPGHADYVK	817540.2	1114254.1
HYRDMQDMEFTVEHGK	9696.75	7415.07
IACDLVDEGHK	7812.96	19062.05
IACDLVDEGMR	18019.2	9944.69
IADDPVWEEAIVDR	25331.7	NA
IAEFGTVFR	NA	198730
IAELKQELFNLR	NA	2890.74
IAFEEAEHAAK	50800.3	74984.4
IAGDDFDEALVR	31362.6	64561.7
IAGEQLPAVFNVSAR	1578220	424378
IAGEQLPGVFNVSAR	164846	251622.48
IALGYTLDEIPNAITGK	48057.5	24212.1
IALLHYVDGEKR	9897.28	8564.62
IALLYYADGEKR	96849.4	603567
IALTDKDGYFTLK	NA	3803.8
IAPTAKPPVCK	NA	4773.68
IASELYLKR	3151.88	NA
IATELYLKR	7938.26	26666.8
IATPPFKPDR	17803.2	NA
ICHHMDWLGIR	71061.8	89275.5
IDAVPYIWK	37861.7	39353.3
IDGVLHEFSSIPGVK	46931.6	35810.3
IDILVNNAGITR	25035.3	38909
IDMSEYMEK	6731.95	9134.16
IDQMLSSDYETK	7655.19	NA
IEEAALTGESVPVEK	NA	26661.2
IFEETAANEKEHAK	11404.7	10726.6
IFENDPFAKLDQVGVGK	60897.7	28164.7
IFETGPVFR	42333.3	161179
IFIVAETPEDVLTLVK	38638.2	273511.04
IFNDLQHTITGWPGGKPNADDTYRPER	5750.76	44293
IFQIFEGTNEVQR	14681.2	60794.2
IFSVEFLPGQFDQR	113156.49	72890.9
IGADFLYSVSTLHDR	6313.48	123763.7
IGAFLDWGLEK	12329.2	12520.2
IGEDFPSDPK	42388.6	NA
IGEDFPTDPK	110592	223259
IGENKHTVEAGEDYIVVDGK	NA	3081.67
IGEVHDGAATMDWMEQEQER	17895.4	NA
IGGATFQVPTEIRPDR	12044.8	211388
IGGQAMDAMAR	14145.2	16655.7
IGLDYVSCSPFR	779210	490443
IGLMLDLSPR	NA	15349.2
IGMDISNIIWDR	NA	14825
IGMTSVFSADGK	16138.3	106270
IGTQGDDMYKDNR	8132.76	NA
IGVGAENCADK	NA	5274.11
IGVMFGNPETTTGGNALK	NA	55000.8
IGYGLYVVTSNDGK	34263.8	15621.7
IHGCSHITGGGFYENIPR	7753.01	NA
IHIVGGGSNAGYLNELTAK	70266.8	25022.9
IHNELGWLPETK	28332.8	59170.1
IHPNMVVK	39428.2	65335.6
IHVVGGGSNAGYLNELTAK	15987.8	28633.66
IIDLSPDSMVFELIGKPDK	2712.15	NA
IIDYSLLSHVETPGLGSK	11366.94	NA
IIFLENYDMQLAR	8447.67	6322.84
IIGDHTDKFVQAYFQYDSK	37597.2	NA
IIGDHTDKYVQAYFQYDSK	68057.5	351561
IIGMGGALDSSR	61443	50826.5
IITGLPDTYGR	555161	443212
IIVTEIPYMVNK	NA	11550.4
IKVPESVMGVK	25288.7	87690.5
ILAMNESGKK	17421	138055
ILDLDKLLDR	33236.72	7152.1
ILGMGDIVSLVER	NA	5171.43
ILGMGDVVSLVEK	6089.73	NA
ILGYDKENFVVK	NA	11468.7
ILIEPCAVLIHAVER	18025	23177.1
ILIEPCAVLVHAVER	231027	111682
ILMSQHIGAPAK	7890.78	9814.99
ILNNVWNYDYFGDAR	10520.9	4867.3
ILNSVWNYDYFGDAR	7788.05	NA
ILQMHANDRK	150624	NA
ILVCSGTGCIATGSNK	61787.8	27241
ILVVDDESR	49012.2	48204.1
IMTAWLQTWSDTEDKPQGCK	13449	4467.93
IMVNAHEATRPTGICR	3310.67	NA
INDITANNLSQSTSLVWGGK	NA	8724.05
INGFTYVQTK	48344.2	268460
INPLIGNAGVSAVPDSAR	31139.8	10446.5
IPAVYDAVKK	145027	161409
IPEDVAFADSR	49790.7	NA
IPEGPIAEK	319644	NA
IPFVTAAMDTVTEAK	254919	NA
IPVEFTYDWGVIQK	114533.5	NA
IPVSMHNVPEKDIYRPAAWNAFGMDK	13469.1	4073.85
IQDKEGIPPDQQR	NA	26395.5
IQEGINALAGYAEIFQR	49316.4	18149.9
IQHGSAWWFNDHK	66666.14	188784.1
IQLVGFGTFEVSER	41222	34420.6
IQNAGTEVVEAK	NA	13722.7
IQVFEGTVLK	264269	123503
IQYGGSVKPATLK	NA	91419
IRDTDMAEEMVNYSK	347124	62563.98
ISCFDVILNNEVTKK	NA	7727.71
ISGVNAVQTSGQPGSAVAVSVR	185617	131336
ISVAVNKDNVTSGVIASAK	NA	3541.92
ISVINNLLDK	64610.7	36050.5
ITDIDETAPDVEWQR	NA	51311.5
ITDMDLPLIPR	28135.4	66900.2
ITEAVGKSTNPANYLLAQK	38568.3	55404.4
ITFLDTPGHEAFTAMR	40000.5	37447.1
ITSIYEGTTQLQTVAAIR	3786.31	NA
ITTDMNGHDINNK	1037.22	NA
ITTYDEYLESDEMAR	NA	15122.2
IVFLDTPGHEAFTAMR	36256.3	NA
IVGSMGPIAPNR	15756.2	18017
IVGVDLPQNKR	NA	53302.7
IVINMGVGEAK	280445	139341
IVINQGLGMAVADK	NA	21695.5
IVINQGLGMAVADKK	7617.48	24557.18
IVMEDPDGNKIEGPEFK	53984.9	34370
IVPATCEIVDIAGLVK	NA	21821.4
IVPTIAIPHPLGNPALEKDEEYALR	84255.6	34258.3
IVTIGGGSSYTPELMEGFIK	33466.4	9678.32
IVVQGGTFYNEAVLR	NA	9991.19
IVWDVGHQAYGHK	NA	6751.16
IYHISQAIYGGGQPSGEAHAR	20422.4	20687.4
IYNLDFPDVIALR	8913.63	6070.05
IYSGGLGMLAGDYLK	NA	8169.2
IYTNCEDMPK	53221.8	39706
KAAAELGYPVIIR	4106.82	10324.8
KADLPFLMPVEDVFTITGR	4554.46	19334.8
KAFSLAIDR	40826.6	NA
KAGEPLSPGANPSYGAEQNGLLASLNSVAK	16156.2	NA
KAHPDWNVKPEIMIPLVGDIK	NA	58761.2
KAISLGVSK	124179	33716
KALVEVEGDIEK	NA	11117.1
KANDMGVICGVTTNPSLIAK	2547.47	NA
KANVGGEVLAFVW	3687.11	3545.05
KATGLPAATSFK	10340.3	14193.2
KDEGDFVEQTFTK	5081.85	NA
KDFEQDFR	NA	39697
KDFVENYIFPTLK	19769.95	31359.3
KDGHDEASGIFK	NA	38928.06
KEEGELSFAAR	NA	7759.46
KELSSATTTNINLPFITATAEGPK	28356.9	28799.4
KENADAICHGCTGK	6074.67	NA
KENLDIAGVMNVLNK	7329.19	NA
KFGDLENPLLVSVR	122661	67363
KGELTVEQGK	4997	7293.24
KGIITGVHSAK	4437.54	5310.01
KGPFADAHLLK	1708.04	7480.41
KGTVLTQMSK	29325.3	30332.7
KHVPVYVTEDMVGHK	80575.7	49984.1
KIDEMGGAVEAIDK	NA	21778.6
KIEDISGFTHGVGWCAPQQGACK	79373.3	75317.79
KIGMTSVFSADGK	10592.1	15823.8
KINWLDTTVK	52365.7	NA
KIPDAIFIVDPK	24504.5	30033.2
KITDMDLPLIPR	10283	24977.58
KITFLDTPGHEAFTAMR	8112.76	10270.5
KKPENPEYVER	12373.4	19227.4
KLEMLPIECIVR	139320.6	153472.2
KLGAEMDLFSFPDEIGPGLAVFHPK	3248.46	5466.68
KLPGQMGHVTR	12498.7	NA
KPAFAVQAK	25963.8	14561.5
KQYDFER	35940.7	54533.9
KRPGMYIGSTGER	NA	41774
KSDIGDIFGLEGFAFR	11016.6	5546.66
KSDLAGASASMDEK	30748.5	17907.8
KSGGITVSHLR	65828.5	NA
KSGGVTISHLR	24080.8	28058.9
KSIAQILLDEGYIK	14798.7	18555.7
KSLEFAQAGDNIGALLR	50533.56	16042.2
KSPIQDDYIEK	NA	6894.93
KTGGVTISHLR	453866	1357329
KTSTTTEIEFNDEHSPAVK	11326.5	NA
KVGLGHGNLGK	206144	101578
KVILAAADTFR	9685.58	NA
KVVVTGIEMFR	19349.67	NA
KYAFDDEGR	6753.97	NA
KYFSVASGGGTGR	39842.2	53732.2
KYGAPLITNDGVTIAK	6729.02	7118.06
KYGVQVIGCPK	NA	16336.2
LAACNVANAQQCVPVSMTGR	5324.48	3746.07
LACIDCVTDALTKR	NA	11169.71
LAEELAEVLGGVVGGSR	2642.63	NA
LAEGADVSDYK	70963.3	32426.9
LAIVERPVTAVK	4288.35	2148.77
LALHQLVADGR	NA	89514.9
LATKEDMTSQIATLQAALTTAAK	9735.66	NA
LATLFYEPSTR	111571	98137.4
LAVTYPEIAAMQTR	155405	228885
LCVRPTSETLFCDFYK	4816.72	NA
LDCLLCLGGNGTHK	15137.75	18337.31
LDKTNIIHCPIGK	84170.8	33054.2
LDPVIGRDEEIR	17749.3	15645.1
LEELSGLSAEEAK	NA	79137.8
LEEMPGEEGYPAYLGSR	5280.9	NA
LEHTIANLDNVSENTSSAESR	NA	7748.37
LEHTIDNLDNISENTSSAESR	NA	44630.9
LETSPEDITGMK	199342	89533.1
LFFTPNEQLQDKK	51979.5	NA
LFNDGLGFR	15864	NA
LFVTGEPDVVAEFYTRNK	11154	NA
LGAMALFGEK	37656.8	41544.4
LGCGNSILIK	59366.1	NA
LGDVMNAFR	NA	43843
LGELVATHVIPRPHTDVEK	701343	414880
LGENNVFFLPYLMGER	11080.4	NA
LGFLPGDLSQK	63487.8	44108.8
LGGDDFDKR	139992	NA
LGHIMWEYVGMGR	NA	18255.7
LGHMVEDK	NA	29422.1
LGIQAFEPILVEGK	194326	170010
LGISWDEFIGMGR	NA	17732.2
LGIWVAHGEGK	61163.6	46869.6
LGLVPYGEICGQK	61218.5	30961.4
LGNGSHSAVSPLSLINPSDIVSMEVLK	95176.3	56137.34
LGNSEDYDKAFEK	NA	7539.3
LGTGEAVAFENIDKAPEER	NA	14688.1
LGWGQTGNSNIGGYK	161542	105955
LHANGVAIQLPIGQEDTFR	79725.99	127551.39
LHAQDGVDFVTLHCGITR	20678.5	36984.6
LHEIFTK	172326	71372.3
LHHLVDDK	29772.6	46715.2
LHLLMVDDHIPAGAK	8385.12	NA
LHMAATCLHYGQEAFEGLK	17986.8	52473
LHQFDKVEIVR	26140.8	91572.7
LINNIMLDGK	284630	204938
LIVGGFEGVYEIGK	9637.64	35166.2
LIVNSDSTLVTYQHFK	3585.48	3838.14
LKAHDENNECNIGDTVK	68404.9	27670.6
LKNIISGGVVEK	13504.8	24502.9
LLDEAQAGDNIGALLR	2513630	1918780
LLELGAPDIIVR	508652	444939
LLFDDIPYLK	9173.49	13358.6
LLGAQIIGYEGVDKR	10560.2	NA
LLYAYGEATVPK	57110.6	56166.7
LMPGTPMVAVFDTAFHQTMPEK	NA	13506.7
LMSELPFMATENIMMDAVK	5172.73	7772.49
LMVTGGVEPTQENLTSWIK	4830.09	NA
LNEDQQMIHDLAK	17723.76	13839.74
LNIPLMSAGMDTVTEHR	24577	16355.3
LNKVEEVMNAVYAK	31768.8	NA
LNPSIVFDYGNK	23401.5	NA
LNSAIAQAYYAK	23780.3	6894.56
LNTHIGIGIPWDLDR	51269.2	44550
LNTMILLNEK	55996.3	17660.3
LPGLVYDNVLK	NA	14385.9
LPNPFMPDAPQR	47739.5	59841.3
LQQQLEIEEK	19535.7	17346.2
LQSFIINHAEK	33843.1	NA
LREDTQYDYK	18924.4	NA
LRLEDALAATR	124269	51138.3
LRPIINNDR	8686.79	NA
LSAMVPLSEMFGYATNLR	22104.5	6230.04
LSDSFETAAAILKK	1094.53	NA
LSFFWNAHNNVLEEVAK	42801	348826
LSPINQILVER	NA	13660.3
LSQMQNTQFQLADMHTR	29915.5	35973.2
LSTTITGLEMFR	97986.6	174828
LSWTQVETGSAITWK	NA	13762.7
LSWTSEEVDAK	NA	34208.4
LTDNFGFTGDFTYIVQHPK	NA	24687
LTDTFMGFHCGNTPSCK	NA	1947.31
LTGHLGDTADVSAFYLKPTHK	73785.1	NA
LTLCNLSIEMGAR	NA	23549.9
LTLTGNLGDVMK	NA	19213.9
LTVAGMGDALATYFEAR	9773.54	6436.41
LVDVSQHMIVR	NA	12494.5
LVEDGIVDGWDDPR	26963.5	23621.5
LVHVSTDYVFSGR	36134.9	37237.1
LVNIDTYLAEVTK	388282	31707
LVNQGMIQGR	NA	75161.9
LVNQIMYDGKK	17240.92	NA
LVSGVDIWLNTPTRPLEASGTSGEK	NA	2342.83
LVSGVDIWMNTPTRPLEASGTSGEK	6476.31	18036
LYDTLTGIQMGR	213993.9	49823.1
LYLCATPIGNLEDITLR	6354.6	NA
LYLGNLDSLR	30585	72585.4
LYLSPQCGFASCEIGNK	19643.3	NA
LYTNCTAAVLR	41510.6	31783
LYVDTLNMIHYMHDK	32304.98	25598.9
LYVVDAFCGANK	175505	122269
LYVVDAFCGANKDTR	42778.1	33022.3
MAALSEIQWTMPEKK	5585.56	NA
MAEQACTTYGYQPSEK	3528.79	4042.63
MALNDKNEIIAFEFLNLGK	NA	9179.61
MDDVVFEEFK	6575.15	13378.4
MDEVIFEEFK	6635.54	12199.2
MDKNISFTLK	40904.37	5832.57
MDVIGNNIANVNTVAFK	101045	13376.5
MEAVIDDPFILITDKK	126310	50537.4
MFEVLGFTPER	NA	37145.7
MFSGEALFQNR	15881.3	16061.6
MFYSIYDNGAK	83127.7	46155.2
MGDPETESVMLR	NA	20248.1
MGGQMGGDR	9249.33	38867.1
MGIDELSVSPTFVLPIR	NA	3950.92
MGNTVLLATVCAAK	NA	24304.7
MGWFDCVASK	40964.3	30094
MIADLGIDFLAAGIGNIHGK	16242.3	20400.39
MIQIQPWESSLIK	21557.3	NA
MIQMVVENAHK	9574.43	NA
MIVQHNITAMNANR	NA	122985.7
MLNLPLEEIKK	14431.42	NA
MLVSATEMLK	61753.9	145766
MLVSATEMLKK	21786.42	37058.69
MNAYVASVIDYVK	14141	29373.6
MNELAVQGANDTNQSIDR	NA	33309.24
MNKYELALVVNAK	NA	2193.68
MNQISPLAFVHPEAK	NA	6814.8
MPDLNAASIEAAMSMIAGTAR	5089.95	16552.21
MQITDTIADLLTR	376044	6774.12
MQYSQEVENMCPVAK	NA	2951.67
MVAVLEEPLILITDKK	20469.1	NA
MVGEIEKHHEER	17467.7	13488.8
MVMNDNTWYIVR	5214.37	NA
MWVNTYNDLPAGAPFGGYK	NA	4138.1
NAIADACTGSNPR	372028	189857
NAIGDACTGSNPR	106350	45565.4
NAIIIAPHPK	33401.9	31049.6
NALTTLPMGGGK	63187.3	149970
NARATLSILTITSNVVYGK	68509.4	17914.9
NCGHIVVGEK	3937.22	NA
NDQTVNNAETLTADLHTETETVNAK	NA	4670.08
NEASGEMHGLIR	3689.01	NA
NEITPGNFIFR	155471	83263
NFKDVVIVPSK	16658.2	35183.5
NGADQMVFQTEK	4793.14	9189.46
NGDASYQDLVAK	13736.7	NA
NGDGSIDENDRYFYK	NA	73853.15
NGIIISPHPR	415297	NA
NGLVTTIAWGLDGK	NA	27179.2
NGSAMLFVSSK	107697	253145
NHGPFTWGK	18509.2	NA
NHMEAWSEQR	NA	20438.3
NHSATHLLQK	14399.6	12917.6
NHYAAEYIYNAYK	17523	69906.3
NICFPMELAGVK	10375.8	NA
NIIASLHEFNPMMGHR	9111.32	NA
NIIPPAAIQEAMEK	NA	4809.21
NINLVADMLK	19224	NA
NIPCTVIEVGPCVVTQIK	NA	17673
NIQLGYTLPK	100174	74428.5
NITASNVAQVYAVAQK	7094.38	NA
NITRYEMAQIIAR	3839.19	NA
NKAELHQLFFDLR	10662.6	19767.5
NLAIIVESAAVNHR	51239.8	20422.1
NLAVVLETAAINNR	NA	12017.8
NLDINNFQLEAIGAGAYVTK	NA	31543.2
NLDTLLHPQFDAAALK	248945	152757
NLPQVHTIVR	89617.5	63057.7
NMITGAAQMDGAILVIAATDGPMAQTR	16494	44071.4
NMITGAAQMDGAILVVAATDGVMAQTK	73976.6	107577.4
NMITGAAQMDGAILVVAATDGVMAQTR	NA	7889.99
NQADQMVYQSEK	NA	5823.51
NSIAQIAPHYTMK	13693.2	6199.1
NSIATIAPHYTMK	15738.2	158254.9
NSLTGLPIGGGK	1667060	1041100
NSLTTLPIGGGK	237781	233642
NSLTTLPMGGGK	90864.3	121189
NTLDLAGVVMLHK	4791.41	3133.23
NTPYAAQMAAEDCAK	10667.65	27836.7
NVGEIENASGVGTVGNAK	50338.3	24874.1
NVVDNLFLGR	NA	89594.2
NVVLLGHGGAGK	579072	199659
NYQNDGDSIYR	26631.5	7255.17
PTFNQLVR	1119580	1272780
PTINQIVR	109676	621533
QADEYKVPR	47456.7	60824.2
QADREGYPEIAEAYK	NA	44817.3
QAIDGDTAQVGPQIAEK	205377	272011
QAIDGDTAQVGPQTAER	NA	13099.1
QAIDGDTAQVGPQVAEK	1242.48	5654.95
QALFEFGGPELNVIMAK	NA	8149.7
QAWFGCACCPSNICR	NA	6185.23
QFTISEGHLIVRPDQMVK	26241.2	10745.1
QILDFNGSGLSLMEISHR	8102.53	19297.3
QINDEIMAQIMDGVKK	63366.3	22165
QINDEIMAQIMEAITK	128748.4	41108.8
QITNIVDGVRPK	NA	4525.17
QKHNVIMTPNTYLYFDYYQAK	8456.94	NA
QLEALGFGNCPICVAK	181561	83244.8
QLFGESEGKDNK	32145.2	31550.1
QLGISPDALVLR	23727.9	25287.1
QLQNFSQEVINVICHYR	4263.14	NA
QLTCVFVDHGLLR	82300.6	59119.1
QNVVLATIEGLR	347719	164806
QPFPGPGLGVR	52014.5	38183.1
QSVNEPLQTGLKAIDAMVPIGR	NA	20096.2
QVATSVAVNDEDVAAFK	NA	18727.7
QVGDSVDAADKSAVEADIAAVK	13165.3	33769.4
QVNIPSYLVK	303810	130671
QWWDITEEDQK	88189.7	38460.2
QYFGETDETVNAK	15705.1	NA
QYFGETDETVNKR	58684.1	NA
RDGWMAEHMLVLR	NA	13735.3
REDGTYIR	92092	NA
RFDFSVIGGPHFSSDTK	7864.55	16900.8
RGLITEEER	3921.66	NA
RGVDTYWLDKPLR	6104.44	4890.15
RIDQINAALAK	60697.4	11576.2
RIGGATFQVPTEIRPDR	NA	23066.6
RIGGATYQVPIEVR	7074.47	4377.84
RIGGATYQVPIEVRPER	18956.4	20382.2
RIPVQYAK	19671.3	35229.2
RIPVQYSK	9970.65	NA
RLIVGGLER	29064.1	26220.2
RLLELGAPDIIVR	72526.81	80772.69
RLMDIGCYR	NA	14365.8
RLPDAIFVVDPK	64700.2	117707
RQLPDELAEK	12935.2	NA
RRPYSVILFDEIEK	10107.1	NA
RSEAELPAR	21278.9	17273.6
RTFAIISHPDAGK	19411.7	22123.1
RVVLTANAQK	52450.6	19755.1
RYAFEEAEHASK	11824.1	NA
RYGFHGTSHR	NA	33139.3
SAAELNEELVAAK	394565	188552
SALQNATSVASTLLTTESAVAIIK	54244.8	18500.5
SANAPGSVDAATK	12848.9	NA
SAQTQSNEPAEPSFR	NA	4632.6
SAWDYGPLGVALK	20347.8	26067.8
SCEMNFTNEGGYAGR	3655.44	NA
SDFPNQINNVLAFPGIFR	67475.6	16951.2
SDIEIAQECTMEPITK	27536.41	19741.79
SDMPNQVNNSSVFPGLFR	6270.49	NA
SDYCQVCGYDGEIK	18967.3	17514.7
SDYPNQINNVIGFPYIFR	10458	42540.8
SEAELPARAEEVHHAK	26777	12627.2
SEHGFDTNIGDR	NA	12540.2
SFNQSAWEGLQAWGK	NA	25343.4
SGAPRPGFEGGQMPLYR	51452.16	382318.8
SGATRPGFEGGQMPLYR	28876.5	51922.4
SGAVDIVIVDSVAALVPK	20606.5	9671.41
SGGGVRPGFEGGQMPLFR	2449.95	8383.94
SGGSIRPGFEGGQMPLQR	99867.4	3654.16
SGLLGISGVSSDKR	18653.5	228204
SGYVGNIIPR	22559.5	38133.6
SKPHVNIGTIGHVDHGK	173522	498738
SLDEGQAVTYDLTEGAR	123853	19457.4
SLDEVEAIGHR	11741.7	11682.1
SLGLDPIYLGIDKK	272206	97318.5
SLGSNTPINIVR	21871.4	547495
SLGVFHLDGIAPAPR	58186.4	99015.2
SLIHNMVVGVSEGYTK	210597.25	84932.1
SLNNASQNNISIDK	41436.6	299085
SMIGGYGHDDR	3320.18	NA
SMKDVAPEERPK	21440.65	9535.38
SNDIMMLLTK	NA	17445.1
SNGVPEEYITGDKPDR	34378.9	59615.6
SNGVPEEYITGDKPDRER	NA	7293.66
SNNHMYAQIIDDTVGNTLVSASTLQK	22966.8	36187.2
SNPLGLAEFTLSR	70454	84050.4
SNSPALQYGLNTLK	14355.3	36607.8
SPALLLDQILAGDTR	6317.41	NA
SPVILQVSK	115329	651981
SPYYINQADFVACHNPAYIHMGMK	37680.34	74004.55
SQDGAAMSFGR	19779.4	21401
SQIAHGETVR	62927.8	36417.3
SQVGTLYGTLAK	129668	39034.6
SQVGTMYGTLKK	46870.77	27212.16
SRDEEIDYAEAHNIPLK	22109.4	16737.9
SSAASNAAHASELK	2378.68	NA
STAVMSTGSIDDGVTGK	11023.2	NA
STGPYSLVTQQPLGGK	123700	172141
STIFPQMVGHTIAVHDGR	NA	11058.3
STITGMILDVPIK	3394.13	2803.46
STLAYTLAGHPK	14752	14941.1
STSFTNPYWWAEHNEYLQHTNR	3236.66	NA
SVAHITGGGFYENIPR	43950.7	64809.7
SVGELLQNQFR	78060	158426
SVNMINSLQGK	22476.6	NA
SVYISGLPYSFENSR	13178.4	NA
SWIIGLQEYR	113330	97274.1
SYDHNLVDK	9054.82	11278.2
SYTPQEISAMILQK	147994.7	52602.28
SYTVTDNETGNQLEIDNK	NA	3431.99
TAATVQENAEDIYAEAKQINEDR	67730.4	NA
TADKGDLIIPVVITVYADR	80041.12	57666.8
TAESGVVVDAGTWENNER	6839.88	NA
TAETYSEVVEGMMFDR	19703.97	NA
TAETYSEVVEGMQFDR	6577.5	NA
TAGQGFGSAGQYMDVLLK	7204.57	8150.68
TAIALDTILNQK	22308.5	28076.2
TAMEAVYGLLGVDR	121859	45177.3
TANLAGAHGVIIPK	NA	4623.81
TANLLREEGLNIIHLPK	18592.5	7734.13
TATSDQAQEVCGAIR	NA	127441
TAVAIDTILNQK	38002.8	54131.2
TAVQSGSIDEIK	51169.6	29936
TCEETQPICFENAK	29185.1	8978.52
TDDIDHLGNRR	NA	26173.6
TDEEGYALLK	28600.9	NA
TDEETHSVASTFPVHE	NA	88005
TDGAMDAGNLLKPMLAR	NA	16729
TDQVDDPELLELVEMEIR	327071.5	14037.08
TDQVDDPELLELVEMEVR	NA	4580.94
TEFDVELTEVGPNK	13779.3	25515.6
TEHMFFAEDR	442510.7	450402
TEHMFFDPER	89823.49	227657.2
TEHMFFEADR	81720.1	NA
TEHMFFEGDR	20476.92	42335.9
TEHMFFEGNR	52687.1	69523.9
TEHMFFGEGR	203022.5	81257.9
TELDLVEGMQFDR	28661.9	23018.3
TELLETIFGVR	60467.7	13700.3
TESMHGAGSPQAQR	6061.43	23100.3
TETPVVSNNSAHR	82638.2	48955.3
TFDPMDAESNPEAPLSR	5332.57	NA
TFGCGAAIATSSIATEMIK	11179.9	NA
TFGSGNSDYGYTTAVGLFK	13527.1	10173
TFQGVTEDAK	116472	134594
TGEISIHAEK	15840.7	13127.6
TGGVTISHLR	10284.2	42563.9
TGLVIDAYFSGTK	17438	42331
TGVDSLAIAIGTSHGAYK	NA	20486
THGIHAEPMTFGMK	NA	15469.4
THYYGGIR	78043.2	146391
TIAIIGYGSQGHAHALNLK	180469.82	134223.33
TIEEAMEVTNK	51859	21493.3
TIGILTSGGDAPGMNAAIR	11164.6	19658
TIGVGLQSFCIPGSVADDR	18909.8	NA
TIIASLHEFNPMMGHR	101958.12	17260.9
TIINSLHEFNPMMGHR	29802.5	25712.2
TIITVVGNDTVGIIAK	7836.85	NA
TIIVVSSEMPEILGITNR	39917.71	28555.06
TILEALNTDLVCDAINTAMR	105430.5	128135.5
TIPYFDFVVPTELPGVDPK	72015.15	111581.1
TIPYFNFVVPTELPGVDPK	24187.63	NA
TIVSMNPVMIDGTGMCGGCR	NA	3570.74
TIVTNGDQTDTIYEGMDK	4806	5860.55
TKDFVNVVNNLK	13606.6	NA
TKEPGANGEPLYLDVK	12610.2	57590.7
TKPHCNIGTIGHVDHGK	399176	347406
TKPHVNIGTIGHVDHGK	162253.57	6645.97
TLDISAISFHK	32706.4	87552.5
TLDQIYDIFAVR	8292.89	NA
TLECCSGDLADLK	118419	90225.5
TLEDHYR	44888.1	75673.8
TLLEALNTDLVCDAINVAMR	120936.3	88456.5
TLSIIKPDAVAK	NA	9976.4
TLTFESWLTPDAVGR	28992.9	92049.1
TMFAFENWHSALEMK	42983.25	35358.07
TMGSGTLDVFATPALVALAEK	3778.99	6922.27
TMHTELDLVEGMQFDR	19573.33	5102.49
TMKTELDLVEGMQFDR	6213.94	6729.31
TNDVAGDGTTTATLLAQAIIR	119818	14489.32
TNHSIQDAAALAIYSPAGIVVHTGDFK	9374.63	11356
TNNVDAAAYLGTVIAK	21173.5	4051.26
TNTFQAVFR	75669.2	58583.9
TNTINVYDILK	104537	100534
TPDEVIYDMR	24353	NA
TPLIISGQSGK	77450.7	92188.4
TPMHISEMEEK	7114.05	9489.63
TPMHISEMEQK	60012.96	36283.446
TPPAAVLLK	724086	460230
TPPELAADISDR	11797.9	NA
TPSSFLGSCR	43732.8	50166.9
TQDAIVSYGER	30424.3	78138.9
TQELLYFIR	42416.1	53837.2
TQYSLTDDQTK	551894	287171
TSPFAFTGNK	347641	193917
TSTTTEIEFNDEHSPAVK	46334.7	NA
TSVVTGVEMFRK	NA	6258.43
TVAAADCLVPGIGEIIGGSQR	NA	24472.8
TVAAMDVLAPGIGEIIGGSQR	28882.9	27044.2
TVAAVDCLVPGIGEIIGGSQR	17156.9	30592.2
TVDEFDVDDFKDSSLAK	13190.61	NA
TVGEQLSNQFAIGLAR	NA	9560.15
TVGLIENGSWAPLAAK	29462.6	8746.83
TVITQTDSAAQDVLEGDQK	NA	21191.7
TVLIQELIR	68448.5	130594
TVVTGIEMFR	536481	1057990
TVVTGIEMFRK	16281.8	30748.8
TVVWNGPMGVFENPILAK	7659.76	9625.99
TVVWNGPMGVFENPTLAAGTIAVAK	67975.3	61475.7
TYSPEDLVEGK	NA	128784
VADKLNVISNLLEK	346953	272248
VADYIVTGQWAK	68772.9	38100.2
VAEKGDYETLK	4569.82	NA
VAGNTATDFENIDKAPEER	53358.64	44762.2
VAIDDKQYSPQQISAMILQK	17663.7	NA
VALMATHTK	12404.6	19717
VASIVAPTSSNAAYTPNYK	140363	292539
VAVIGAGPSGLTVAGDLAK	17181	6540.45
VAVIGSGPSGLTCAGDLAK	154702	87211.7
VCGILLEQGYQIPGAK	26063.5	22392.4
VDCEFGATAGK	91327.1	164804
VDFENIDKAPEER	35850.21	73505.1
VDGMEAHGNSQIVR	NA	17050.5
VDMAFPCATQNEIGEEEAK	14571.49	NA
VEFFGDEVER	17048.6	14847.9
VEGCGVCGTDAHEFK	24604.5	23308.17
VEGNAAVDFENIDK	12574.9	19544
VEGNAAVDFENIDKAPEER	232567.2	413055.03
VELYDGSYHEVDSSEMAFK	25286.2	NA
VESVDEVEIIR	653191	440679
VFAVEYLPGQFDQR	32171.8	27820.3
VFESQVYVLTK	105235	107986
VFIPVFPGTNCEYDSTK	5235.28	5281.17
VFIPVFPGTNCEYDSTR	66825.8	33725.1
VFLMDEPLSNLDAKLR	3586.96	3680.33
VFMLKPADGIEGVK	NA	8895.49
VFNFCIQDSPR	219838	43306.5
VFNIYAWNEEFK	NA	4790.27
VFVEDGEGIR	26384.6	NA
VGAATEVEMK	291142.8	226865
VGAATEVEMKDK	18079.36	13915.28
VGEECSETIIAAK	8735.94	NA
VGGATFQVPTEIRPDRK	11506.3	215242
VGHIGLYR	61275.8	NA
VGIGGGSICITR	69363.1	83777.8
VGIGPGSICTTR	677152	700794
VGIVGATGMVGQR	16672.5	NA
VGLDYVSCSPFR	708357	245493
VGLTGLTMAEYFR	9416.8	10793.7
VGLYYAETGASMRPSK	21801.21	93566.3
VGQVISGEVYQVWK	NA	61499.1
VGVDEYYSEVLPEDK	14670.4	NA
VGVVGATGMVGQR	33247.2	22776.8
VIDFTDVFVR	39059.3	21073.8
VIGQDEAVTK	NA	63536.3
VIGVGGGGGNAVNR	121418	131543
VIIAMGSVTEAAR	51216.9	39631.4
VINDNFGVVEGLMTTVHSTTATQK	NA	99342.9
VINIHTIKPIDEEIILK	NA	6464.28
VIPVTVIEAGPCTVVQK	NA	12923.3
VIVEAVEEIKPEVLLFGASNIGR	16499.7	53824.7
VIVNEIVPPEAGYINTIISK	NA	13821.8
VLCEMGHSDR	11841.2	NA
VLDGAVAVFDAVAGVQPQSETVWR	5208.3	21198.2
VLDGAVGVFCAK	113903	63725.9
VLDGSVTVLCAK	59728.8	NA
VLFSADGFGK	131504	84843.6
VLLIDDFLANGK	12993	NA
VLLSAAIDGVSK	20031.6	NA
VLMSGPYGDFHPIFDSK	26633	21494.4
VLNIYCWNEEFK	321745	144911
VLPMDIMPEYLIK	64292.3	NA
VLPYQQDDFKGLFEALEGNPVTIR	49600.1	6679.32
VLTIGENIQIR	247768	NA
VLVCSGTGCIASGAQK	68755.2	29624.4
VMAEAETHELTQR	1674.56	4998.25
VMAWADKYR	NA	44091
VMVEAPDHDTCQK	NA	1778.71
VNCYGADDVR	139183	877040
VNLCGGGFTGQSQALR	17338.1	77170.7
VNPPLRTDEDAEAIR	NA	112864
VNVGFHWFDDKHATSYNNR	6633.91	10574.1
VNVNGGAIALGHPVGASGCR	13589.6	16071.6
VPAAERIDVDETGK	6838.43	NA
VPFLDKEVFK	44172.7	NA
VPMNDDVPATFDDGSTTK	NA	14967.02
VPSLATAGSIAVENGKPHTVAR	12992.6	4759.22
VPTPTGSLTNLYAVVDK	16677.3	114197
VPVLNGHTAAVFVK	31359.1	13684.6
VQAADTNGTTVETTYTPK	NA	4796.88
VQFNNAIGPYK	401878	394903
VQFNSAIGPYK	788383	386052
VQQIINSAYK	18381.8	NA
VQVPHYNYVGDSVLGFK	23846.5	10132.7
VRPEQGLLAMR	NA	16330.8
VSGYAVNFVK	29533.5	51351.8
VSKDGVITVEESK	8262.73	NA
VSLENLFDTLK	NA	10288.6
VSYPIYHIK	48257.5	194687
VTDAGLLDAWNGLTPQDALNK	22922.8	62015
VTEAVITVPAYFNDAQR	537623	739836
VTEDQILGKPGDGFTQLLGTTAYGK	46262.3	39853.7
VTFQMNDTHPTVAVAELMR	21693.4	8576.82
VTGVPMVDLATR	44494.8	NA
VTLNGKEYTPQQVSAMILQK	19537.9	27994.9
VTNDGVITIEESK	94930.9	155146
VTQWMIDEFKK	6186.77	42033.4
VTTHNLQVLK	32682.1	9572.48
VTVQNLQVIK	36890.6	27088.9
VVALAESTDNADVK	10701.3	31042.8
VVCEVASHLVK	35627.1	NA
VVISAPAGNDLPTIVYNVNHETLTK	NA	5962.42
VVVSQLHR	13891.5	211727
VVVTGIEMFR	167368	23828.4
VYCPTGAISIR	23354.1	NA
VYGPDDGDMCDWK	NA	6531.69
VYSGTVTAGSTVYNSVK	56045.4	NA
VYTTEVVVEEQEFAESK	17733.5	7334.92
VYVHAFLDGR	NA	65798.1
VYVHCFLDGR	48484	33977.7
WFGVTYAADR	49890.7	89778.5
WLYSDHDIFFR	NA	4260.85
WNPAMAPYIFMER	NA	16544.1
WQLGTIQVDYNLPQR	NA	15079.8
WVYMFTEGNANMR	31003.6	NA
WYVVDATGYTLGR	51290.1	48783
WYVVHTYSGYENK	7802.17	4102.08
YADALDEENKAGFTVGEEIK	5681.71	NA
YADILLLK	11429.3	6202.41
YAFEEAEHAAK	432062.2	11034.1
YAFEEAEHASK	332590.2	452130.1
YAIDPTKLETELGWKPK	13971	NA
YALADTVSATDDSIIVDGK	20290.8	NA
YANIGDVIVASVK	45436	NA
YASSIIKK	19946.7	12148.5
YAVGQFNINNLEWTK	53549.7	36462.8
YCFAEEGEYHGR	13954.14	18281.53
YCQSLGIIAGK	37435.7	16383.6
YDEAPNNAAVDDELAALK	12379.3	NA
YDGSSNFGPDNR	35722.1	16773.2
YDSSQGKYALADTVSATDDSIIVDGK	2207.56	4949.2
YDSTETDKGYTSVGTTSK	19630.019	6737.33
YDVENISDDVFEK	43675.5	20673.1
YDVENISDEVFDK	39043.1	NA
YDVLVFGMPQK	18868.3	18315.9
YEDLPENCRK	10895.1	NA
YEDYLLGTSFARPCIAK	10249.36	15906.24
YFSVASGGGTGR	1968590	2117880
YGAHIFHTNNK	21565.15	21742.63
YGAHIFHTSNK	NA	9898.73
YGAPPHAGLAFGLDR	7903.69	56786.3
YGFHGTSHSFVSK	142276.2	133513.3
YGIIYGGVQK	98492.2	46062.5
YGLGFDLIK	29675.1	NA
YGLPHISTGDIFR	43093	NA
YGNEAAEETSILYGGSCK	24899.5	72521.5
YGSDKPDLR	NA	18642.1
YGSLFDATQTMVAK	147358.1	473757.3
YGSLFDATQTMVSK	40960.6	39093.13
YIGSDEIWEESQNAIR	7860.44	14836
YISGNVLTGK	65632.3	NA
YKGILEVTGGR	73185.5	32820.3
YKPTFTPHVDCGDNVIIINAAK	73562.3	358522
YLDQVSDAHLSDDTK	3197.35	10316.4
YLEGEEITR	362208	346660
YLEGEEITREELK	66062.3	54352.8
YLELAQGYVTR	48119.6	431203
YLMGVGTPQNILEAIER	7589.43	10925.5
YLQAYEMLTGK	32320.9	NA
YLVGAGINTR	68329	NA
YMHHYNFPSYSVGETRPSR	NA	5424.32
YNQYESMILPMVK	9545.09	NA
YNVVATAYAQYTK	92688.6	186712
YPHHGAVAFGHYGK	32368.4	19928
YQGGFIWDYIDQSIYK	4637.25	3933.15
YQIPHISTGDIFR	161491.1	53669.3
YQVAYCPSLVR	10911.1	13263.6
YQYFNTSWADQLYR	NA	22411.1
YSGSSSLTLAEGDEVGR	21747.9	NA
YSIPHISTGDIFR	26502.9	69577.3
YSPQEISAMILQK	475555.8	336513.1
YVFHQDIFR	NA	17343
YVTVVEIMGR	NA	54083.4
YYIEVANMPTTNDALNFLR	2945.54	3742.55
YYNSVEDGAR	9629.06	NA
