Protein.Group	F3NL2582	F3NL0496	F3NL1002	F2NL4627	F2NL2504
Human_swiss_sp|A0A075B6H9|LV469_HUMAN Immunoglobulin lambda variable 4-69 OS=Homo sapiens OX=9606 GN=IGLV4-69 PE=1 SV=1	NA	NA	3554.78	NA	NA
Human_swiss_sp|A0A0A0MS15|HV349_HUMAN Immunoglobulin heavy variable 3-49 OS=Homo sapiens OX=9606 GN=IGHV3-49 PE=3 SV=1	8445.74	32484	44735.9	18630.6	87079
Human_swiss_sp|A0A0B4J1V0|HV315_HUMAN Immunoglobulin heavy variable 3-15 OS=Homo sapiens OX=9606 GN=IGHV3-15 PE=3 SV=1	NA	14430	11568.1	NA	24864.5
Human_swiss_sp|A0A0B4J1X5|HV374_HUMAN Immunoglobulin heavy variable 3-74 OS=Homo sapiens OX=9606 GN=IGHV3-74 PE=3 SV=1	NA	6535.58	2524.18	NA	7149.92
Human_swiss_sp|A0A0B4J1Y9|HV372_HUMAN Immunoglobulin heavy variable 3-72 OS=Homo sapiens OX=9606 GN=IGHV3-72 PE=3 SV=1	NA	NA	NA	NA	802629
Human_swiss_sp|A0A0C4DH25|KVD20_HUMAN Immunoglobulin kappa variable 3D-20 OS=Homo sapiens OX=9606 GN=IGKV3D-20 PE=3 SV=1	26565.3	120900	58613.1	43642.6	265133
Human_swiss_sp|A0A0C4DH32|HV320_HUMAN Immunoglobulin heavy variable 3-20 OS=Homo sapiens OX=9606 GN=IGHV3-20 PE=3 SV=2	NA	NA	NA	NA	27650.1
Human_swiss_sp|A6NHR9|SMHD1_HUMAN Structural maintenance of chromosomes flexible hinge domain-containing protein 1 OS=Homo sapiens OX=9606 GN=SMCHD1 PE=1 SV=2	3628.77	NA	NA	NA	NA
Human_swiss_sp|A8K7I4|CLCA1_HUMAN Calcium-activated chloride channel regulator 1 OS=Homo sapiens OX=9606 GN=CLCA1 PE=1 SV=3	271818	225551	398658	586356	1.57471e+06
Human_swiss_sp|O00425|IF2B3_HUMAN Insulin-like growth factor 2 mRNA-binding protein 3 OS=Homo sapiens OX=9606 GN=IGF2BP3 PE=1 SV=2	3614.26	NA	33845.9	25509.7	NA
Human_swiss_sp|O00754|MA2B1_HUMAN Lysosomal alpha-mannosidase OS=Homo sapiens OX=9606 GN=MAN2B1 PE=1 SV=3	13193.8	18532.3	12085	14548.7	11982.1
Human_swiss_sp|O14493|CLD4_HUMAN Claudin-4 OS=Homo sapiens OX=9606 GN=CLDN4 PE=1 SV=1	13324.4	20178.5	20802.6	NA	41700.1
Human_swiss_sp|O14638|ENPP3_HUMAN Ectonucleotide pyrophosphatase/phosphodiesterase family member 3 OS=Homo sapiens OX=9606 GN=ENPP3 PE=1 SV=2	12425.1	19551.9	19805.3	16708.2	24113.2
Human_swiss_sp|O14773|TPP1_HUMAN Tripeptidyl-peptidase 1 OS=Homo sapiens OX=9606 GN=TPP1 PE=1 SV=2	4817.75	6327.88	6504.33	5450.93	3745.24
Human_swiss_sp|O15162|PLS1_HUMAN Phospholipid scramblase 1 OS=Homo sapiens OX=9606 GN=PLSCR1 PE=1 SV=1	1461.94	5353.55	2724.91	3039.69	5050.59
Human_swiss_sp|O15260|SURF4_HUMAN Surfeit locus protein 4 OS=Homo sapiens OX=9606 GN=SURF4 PE=1 SV=3	28919.5	13189.3	7591.06	5189.21	8359.06
Human_swiss_sp|O15263|DFB4A_HUMAN Beta-defensin 4A OS=Homo sapiens OX=9606 GN=DEFB4A PE=1 SV=1	NA	NA	13417.6	NA	NA
Human_swiss_sp|O15393|TMPS2_HUMAN Transmembrane protease serine 2 OS=Homo sapiens OX=9606 GN=TMPRSS2 PE=1 SV=3	NA	6052.02	NA	4387.15	5135.68
Human_swiss_sp|O15484|CAN5_HUMAN Calpain-5 OS=Homo sapiens OX=9606 GN=CAPN5 PE=1 SV=2	4973.91	12997.7	5606.38	7386.35	12296.1
Human_swiss_sp|O15496|PA2GX_HUMAN Group 10 secretory phospholipase A2 OS=Homo sapiens OX=9606 GN=PLA2G10 PE=1 SV=3	NA	5844.08	5983.8	NA	3027.35
Human_swiss_sp|O43149|ZZEF1_HUMAN Zinc finger ZZ-type and EF-hand domain-containing protein 1 OS=Homo sapiens OX=9606 GN=ZZEF1 PE=1 SV=6	NA	8509.2	NA	NA	4316.76
Human_swiss_sp|O43451|MGA_HUMAN Maltase-glucoamylase, intestinal OS=Homo sapiens OX=9606 GN=MGAM PE=1 SV=5	213837	230694	153106	84378.9	134547
Human_swiss_sp|O43653|PSCA_HUMAN Prostate stem cell antigen OS=Homo sapiens OX=9606 GN=PSCA PE=1 SV=2	3411.64	2455.51	NA	NA	NA
Human_swiss_sp|O43895|XPP2_HUMAN Xaa-Pro aminopeptidase 2 OS=Homo sapiens OX=9606 GN=XPNPEP2 PE=1 SV=3	573763	412728	447675	683020	1.87029e+06
Human_swiss_sp|O60814|H2B1K_HUMAN Histone H2B type 1-K OS=Homo sapiens OX=9606 GN=H2BC12 PE=1 SV=3	7705.58	12034.9	NA	5135.63	2980.94
Human_swiss_sp|O60844|ZG16_HUMAN Zymogen granule membrane protein 16 OS=Homo sapiens OX=9606 GN=ZG16 PE=1 SV=2	638237	987102	705751	940787	562017
Human_swiss_sp|O75112|LDB3_HUMAN LIM domain-binding protein 3 OS=Homo sapiens OX=9606 GN=LDB3 PE=1 SV=2	9467.66	10105.8	NA	7348.28	14720.1
Human_swiss_sp|O75131|CPNE3_HUMAN Copine-3 OS=Homo sapiens OX=9606 GN=CPNE3 PE=1 SV=1	NA	NA	NA	NA	7744.89
Human_swiss_sp|O75306|NDUS2_HUMAN NADH dehydrogenase [ubiquinone] iron-sulfur protein 2, mitochondrial OS=Homo sapiens OX=9606 GN=NDUFS2 PE=1 SV=2	1858.08	NA	NA	2788.98	2099.42
Human_swiss_sp|O75340|PDCD6_HUMAN Programmed cell death protein 6 OS=Homo sapiens OX=9606 GN=PDCD6 PE=1 SV=1	NA	NA	NA	NA	16352.4
Human_swiss_sp|O75830|SPI2_HUMAN Serpin I2 OS=Homo sapiens OX=9606 GN=SERPINI2 PE=1 SV=1	13557.3	NA	NA	NA	5011.41
Human_swiss_sp|O75874|IDHC_HUMAN Isocitrate dehydrogenase [NADP] cytoplasmic OS=Homo sapiens OX=9606 GN=IDH1 PE=1 SV=2	NA	NA	NA	NA	766.868
Human_swiss_sp|O75882|ATRN_HUMAN Attractin OS=Homo sapiens OX=9606 GN=ATRN PE=1 SV=2	7170.56	10399.9	12641.3	6942.07	7405.64
Human_swiss_sp|O95471|CLD7_HUMAN Claudin-7 OS=Homo sapiens OX=9606 GN=CLDN7 PE=1 SV=4	5268.88	8305.07	7999.41	3614.03	13217.3
Human_swiss_sp|O95497|VNN1_HUMAN Pantetheinase OS=Homo sapiens OX=9606 GN=VNN1 PE=1 SV=2	3482.92	28095.8	3091.43	9160.1	70315.8
Human_swiss_sp|P00338|LDHA_HUMAN L-lactate dehydrogenase A chain OS=Homo sapiens OX=9606 GN=LDHA PE=1 SV=2	NA	NA	NA	NA	2664.47
Human_swiss_sp|P00441|SODC_HUMAN Superoxide dismutase [Cu-Zn] OS=Homo sapiens OX=9606 GN=SOD1 PE=1 SV=2	NA	NA	NA	9079.13	10156
Human_swiss_sp|P00738|HPT_HUMAN Haptoglobin OS=Homo sapiens OX=9606 GN=HP PE=1 SV=1	NA	7126.73	3475.01	20765.7	NA
Human_swiss_sp|P00813|ADA_HUMAN Adenosine deaminase OS=Homo sapiens OX=9606 GN=ADA PE=1 SV=3	36215.4	34431.1	24175	NA	24628.1
Human_swiss_sp|P01008|ANT3_HUMAN Antithrombin-III OS=Homo sapiens OX=9606 GN=SERPINC1 PE=1 SV=1	23312.4	48110.6	28401.7	26755.2	25834.3
Human_swiss_sp|P01009|A1AT_HUMAN Alpha-1-antitrypsin OS=Homo sapiens OX=9606 GN=SERPINA1 PE=1 SV=3	119382	283504	203988	140023	196222
Human_swiss_sp|P01023|A2MG_HUMAN Alpha-2-macroglobulin OS=Homo sapiens OX=9606 GN=A2M PE=1 SV=3	6979.2	7678.38	12001.8	8661.77	6871.37
Human_swiss_sp|P01591|IGJ_HUMAN Immunoglobulin J chain OS=Homo sapiens OX=9606 GN=JCHAIN PE=1 SV=4	274572	888757	1.0021e+06	750768	1.57675e+06
Human_swiss_sp|P01700|LV147_HUMAN Immunoglobulin lambda variable 1-47 OS=Homo sapiens OX=9606 GN=IGLV1-47 PE=1 SV=2	21914.7	209880	117879	177020	460516
Human_swiss_sp|P01764|HV323_HUMAN Immunoglobulin heavy variable 3-23 OS=Homo sapiens OX=9606 GN=IGHV3-23 PE=1 SV=2	87267	146275	187270	112445	672759
Human_swiss_sp|P01782|HV309_HUMAN Immunoglobulin heavy variable 3-9 OS=Homo sapiens OX=9606 GN=IGHV3-9 PE=1 SV=2	NA	NA	8844.91	10510.7	23782.2
Human_swiss_sp|P01833|PIGR_HUMAN Polymeric immunoglobulin receptor OS=Homo sapiens OX=9606 GN=PIGR PE=1 SV=4	472868	949499	1.26848e+06	1.0331e+06	1.91029e+06
Human_swiss_sp|P01834|IGKC_HUMAN Immunoglobulin kappa constant OS=Homo sapiens OX=9606 GN=IGKC PE=1 SV=2	1.72553e+06	2.91536e+06	2.85056e+06	1.94115e+06	5.59867e+06
Human_swiss_sp|P01857|IGHG1_HUMAN Immunoglobulin heavy constant gamma 1 OS=Homo sapiens OX=9606 GN=IGHG1 PE=1 SV=1	46788.5	51975.1	57657.8	109802	58935.2
Human_swiss_sp|P01871|IGHM_HUMAN Immunoglobulin heavy constant mu OS=Homo sapiens OX=9606 GN=IGHM PE=1 SV=4	11534.4	18301.2	75523.4	80790.5	467768
Human_swiss_sp|P01876|IGHA1_HUMAN Immunoglobulin heavy constant alpha 1 OS=Homo sapiens OX=9606 GN=IGHA1 PE=1 SV=2	2.13128e+06	3.85165e+06	7.27665e+06	7.34653e+06	1.00667e+07
Human_swiss_sp|P01903|DRA_HUMAN HLA class II histocompatibility antigen, DR alpha chain OS=Homo sapiens OX=9606 GN=HLA-DRA PE=1 SV=2	6293.02	20027.2	58458.8	9005.62	15542.4
Human_swiss_sp|P02458|CO2A1_HUMAN Collagen alpha-1(II) chain OS=Homo sapiens OX=9606 GN=COL2A1 PE=1 SV=3	44930.9	24750.8	21730.8	46567.2	NA
Human_swiss_sp|P02647|APOA1_HUMAN Apolipoprotein A-I OS=Homo sapiens OX=9606 GN=APOA1 PE=1 SV=1	14766.5	NA	NA	NA	7549.47
Human_swiss_sp|P02766|TTHY_HUMAN Transthyretin OS=Homo sapiens OX=9606 GN=TTR PE=1 SV=1	NA	36126	35414.4	28365.9	22494.5
Human_swiss_sp|P02768|ALBU_HUMAN Albumin OS=Homo sapiens OX=9606 GN=ALB PE=1 SV=2	132617	203390	161323	229810	78738.7
Human_swiss_sp|P02788|TRFL_HUMAN Lactotransferrin OS=Homo sapiens OX=9606 GN=LTF PE=1 SV=6	19749.7	87459.9	53770.4	148967	25276.5
Human_swiss_sp|P02792|FRIL_HUMAN Ferritin light chain OS=Homo sapiens OX=9606 GN=FTL PE=1 SV=2	28129.8	30261.4	15420.5	9968.37	11918.8
Human_swiss_sp|P02794|FRIH_HUMAN Ferritin heavy chain OS=Homo sapiens OX=9606 GN=FTH1 PE=1 SV=2	230117	231946	55750.9	130770	30008.9
Human_swiss_sp|P04054|PA21B_HUMAN Phospholipase A2 OS=Homo sapiens OX=9606 GN=PLA2G1B PE=1 SV=3	587907	527613	877276	470720	663785
Human_swiss_sp|P04066|FUCO_HUMAN Tissue alpha-L-fucosidase OS=Homo sapiens OX=9606 GN=FUCA1 PE=1 SV=4	2304.01	NA	NA	NA	NA
Human_swiss_sp|P04075|ALDOA_HUMAN Fructose-bisphosphate aldolase A OS=Homo sapiens OX=9606 GN=ALDOA PE=1 SV=2	10554.2	10215.7	NA	8736.73	5250.53
Human_swiss_sp|P04083|ANXA1_HUMAN Annexin A1 OS=Homo sapiens OX=9606 GN=ANXA1 PE=1 SV=2	NA	12594.9	NA	18141.3	184568
Human_swiss_sp|P04264|K2C1_HUMAN Keratin, type II cytoskeletal 1 OS=Homo sapiens OX=9606 GN=KRT1 PE=1 SV=6	14184	19333	141577	10552.8	16673
Human_swiss_sp|P04406|G3P_HUMAN Glyceraldehyde-3-phosphate dehydrogenase OS=Homo sapiens OX=9606 GN=GAPDH PE=1 SV=3	730757	389688	202464	250229	232519
Human_swiss_sp|P04746|AMYP_HUMAN Pancreatic alpha-amylase OS=Homo sapiens OX=9606 GN=AMY2A PE=1 SV=2	292711	1.77134e+06	2.20795e+06	2.65886e+06	2.54044e+06
Human_swiss_sp|P05026|AT1B1_HUMAN Sodium/potassium-transporting ATPase subunit beta-1 OS=Homo sapiens OX=9606 GN=ATP1B1 PE=1 SV=1	8309.33	6428.57	13722.2	NA	19354.9
Human_swiss_sp|P05109|S10A8_HUMAN Protein S100-A8 OS=Homo sapiens OX=9606 GN=S100A8 PE=1 SV=1	107030	1.16955e+06	379432	4.07736e+06	198292
Human_swiss_sp|P05164|PERM_HUMAN Myeloperoxidase OS=Homo sapiens OX=9606 GN=MPO PE=1 SV=1	68993.5	351121	215354	576665	79880.2
Human_swiss_sp|P05186|PPBT_HUMAN Alkaline phosphatase, tissue-nonspecific isozyme OS=Homo sapiens OX=9606 GN=ALPL PE=1 SV=4	NA	NA	NA	NA	8176.15
Human_swiss_sp|P05451|REG1A_HUMAN Lithostathine-1-alpha OS=Homo sapiens OX=9606 GN=REG1A PE=1 SV=3	NA	8163.57	16078.8	83428.3	80548.6
Human_swiss_sp|P05976|MYL1_HUMAN Myosin light chain 1/3, skeletal muscle isoform OS=Homo sapiens OX=9606 GN=MYL1 PE=1 SV=3	38365.5	30355.3	23702.4	18955.4	9139.42
Human_swiss_sp|P06702|S10A9_HUMAN Protein S100-A9 OS=Homo sapiens OX=9606 GN=S100A9 PE=1 SV=1	25139.9	220969	83318.6	796534	44981.5
Human_swiss_sp|P06731|CEAM5_HUMAN Carcinoembryonic antigen-related cell adhesion molecule 5 OS=Homo sapiens OX=9606 GN=CEACAM5 PE=1 SV=3	454513	682807	249182	505232	1.42313e+06
Human_swiss_sp|P06732|KCRM_HUMAN Creatine kinase M-type OS=Homo sapiens OX=9606 GN=CKM PE=1 SV=2	96718.3	117775	107584	82826.9	50507.6
Human_swiss_sp|P06748|NPM_HUMAN Nucleophosmin OS=Homo sapiens OX=9606 GN=NPM1 PE=1 SV=2	18190	43049.7	33990.1	12846.9	72200.1
Human_swiss_sp|P07355|ANXA2_HUMAN Annexin A2 OS=Homo sapiens OX=9606 GN=ANXA2 PE=1 SV=2	247113	353034	215350	455783	498633
Human_swiss_sp|P07437|TBB5_HUMAN Tubulin beta chain OS=Homo sapiens OX=9606 GN=TUBB PE=1 SV=2	NA	NA	NA	NA	7011.79
Human_swiss_sp|P07451|CAH3_HUMAN Carbonic anhydrase 3 OS=Homo sapiens OX=9606 GN=CA3 PE=1 SV=3	NA	NA	NA	NA	7667.76
Human_swiss_sp|P07477|TRY1_HUMAN Trypsin-1 OS=Homo sapiens OX=9606 GN=PRSS1 PE=1 SV=1	91083	224128	901522	184415	687256
Human_swiss_sp|P07478|TRY2_HUMAN Trypsin-2 OS=Homo sapiens OX=9606 GN=PRSS2 PE=1 SV=1	178699	53810.2	439355	55911.2	763957
Human_swiss_sp|P08217|CEL2A_HUMAN Chymotrypsin-like elastase family member 2A OS=Homo sapiens OX=9606 GN=CELA2A PE=1 SV=1	571873	1.97573e+06	551768	790689	2.31951e+06
Human_swiss_sp|P08246|ELNE_HUMAN Neutrophil elastase OS=Homo sapiens OX=9606 GN=ELANE PE=1 SV=1	NA	23334.5	NA	31263.9	8375.38
Human_swiss_sp|P08311|CATG_HUMAN Cathepsin G OS=Homo sapiens OX=9606 GN=CTSG PE=1 SV=2	NA	6261.45	NA	26759.8	NA
Human_swiss_sp|P08473|NEP_HUMAN Neprilysin OS=Homo sapiens OX=9606 GN=MME PE=1 SV=2	73862	136638	137145	121027	298587
Human_swiss_sp|P08758|ANXA5_HUMAN Annexin A5 OS=Homo sapiens OX=9606 GN=ANXA5 PE=1 SV=2	1899.41	5145.09	3313.03	2585.12	5154.77
Human_swiss_sp|P08861|CEL3B_HUMAN Chymotrypsin-like elastase family member 3B OS=Homo sapiens OX=9606 GN=CELA3B PE=1 SV=3	865222	4.20724e+06	1.15669e+06	1.38446e+06	2.97631e+06
Human_swiss_sp|P09093|CEL3A_HUMAN Chymotrypsin-like elastase family member 3A OS=Homo sapiens OX=9606 GN=CELA3A PE=1 SV=3	6.00243e+06	4.47003e+06	5.87576e+06	6.38794e+06	4.63572e+06
Human_swiss_sp|P09327|VILI_HUMAN Villin-1 OS=Homo sapiens OX=9606 GN=VIL1 PE=1 SV=4	5078.39	4930.19	5740.89	5533.57	9281.94
Human_swiss_sp|P09493|TPM1_HUMAN Tropomyosin alpha-1 chain OS=Homo sapiens OX=9606 GN=TPM1 PE=1 SV=2	13265.6	27416.1	NA	NA	NA
Human_swiss_sp|P09525|ANXA4_HUMAN Annexin A4 OS=Homo sapiens OX=9606 GN=ANXA4 PE=1 SV=4	31140.2	63898.9	52788.5	40848.1	102113
Human_swiss_sp|P09923|PPBI_HUMAN Intestinal-type alkaline phosphatase OS=Homo sapiens OX=9606 GN=ALPI PE=1 SV=2	553596	931284	698835	686287	2.88077e+06
Human_swiss_sp|P0DOX2|IGA2_HUMAN Immunoglobulin alpha-2 heavy chain OS=Homo sapiens OX=9606 PE=1 SV=2	483599	969037	879059	505660	1.51702e+06
Human_swiss_sp|P0DOX7|IGK_HUMAN Immunoglobulin kappa light chain OS=Homo sapiens OX=9606 PE=1 SV=1	44714.3	179613	97101.6	62997.5	227259
Human_swiss_sp|P0DOY2|IGLC2_HUMAN Immunoglobulin lambda constant 2 OS=Homo sapiens OX=9606 GN=IGLC2 PE=1 SV=1	582709	1.58781e+06	1.08501e+06	1.1366e+06	2.54688e+06
Human_swiss_sp|P0DP23|CALM1_HUMAN Calmodulin-1 OS=Homo sapiens OX=9606 GN=CALM1 PE=1 SV=1	NA	14841.6	14581.7	26413.7	15549.7
Human_swiss_sp|P0DTE1|HV383_HUMAN Probable non-functional immunoglobulin heavy variable 3-38-3 OS=Homo sapiens OX=9606 GN=IGHV3-38-3 PE=1 SV=1	NA	19436.1	NA	NA	22097.7
Human_swiss_sp|P0DTE7|AMY1B_HUMAN Alpha-amylase 1B OS=Homo sapiens OX=9606 GN=AMY1B PE=1 SV=1	NA	9315.75	NA	21013.8	NA
Human_swiss_sp|P10153|RNAS2_HUMAN Non-secretory ribonuclease OS=Homo sapiens OX=9606 GN=RNASE2 PE=1 SV=2	NA	14952.8	12936.9	NA	33302.2
Human_swiss_sp|P10253|LYAG_HUMAN Lysosomal alpha-glucosidase OS=Homo sapiens OX=9606 GN=GAA PE=1 SV=4	5654.54	10859.9	NA	NA	7276.11
Human_swiss_sp|P11142|HSP7C_HUMAN Heat shock cognate 71 kDa protein OS=Homo sapiens OX=9606 GN=HSPA8 PE=1 SV=1	6605.29	8650.35	8635.91	NA	4119.37
Human_swiss_sp|P11217|PYGM_HUMAN Glycogen phosphorylase, muscle form OS=Homo sapiens OX=9606 GN=PYGM PE=1 SV=6	63217.4	63617.5	51045.3	53503.8	29278.2
Human_swiss_sp|P11678|PERE_HUMAN Eosinophil peroxidase OS=Homo sapiens OX=9606 GN=EPX PE=1 SV=2	21197.8	46567.4	59279	32906.4	83261.5
Human_swiss_sp|P12236|ADT3_HUMAN ADP/ATP translocase 3 OS=Homo sapiens OX=9606 GN=SLC25A6 PE=1 SV=4	6551.93	8467.13	10245.3	13018.6	24707.8
Human_swiss_sp|P12273|PIP_HUMAN Prolactin-inducible protein OS=Homo sapiens OX=9606 GN=PIP PE=1 SV=1	21634.9	93286.7	89638.6	882341	25160
Human_swiss_sp|P12429|ANXA3_HUMAN Annexin A3 OS=Homo sapiens OX=9606 GN=ANXA3 PE=1 SV=3	NA	NA	NA	NA	2831.38
Human_swiss_sp|P12544|GRAA_HUMAN Granzyme A OS=Homo sapiens OX=9606 GN=GZMA PE=1 SV=2	NA	40193.6	33251.1	4501.04	6504.03
Human_swiss_sp|P12814|ACTN1_HUMAN Alpha-actinin-1 OS=Homo sapiens OX=9606 GN=ACTN1 PE=1 SV=2	49119.2	45735.7	NA	26911.3	24690.8
Human_swiss_sp|P12821|ACE_HUMAN Angiotensin-converting enzyme OS=Homo sapiens OX=9606 GN=ACE PE=1 SV=1	133043	80278	50217	195683	131114
Human_swiss_sp|P12882|MYH1_HUMAN Myosin-1 OS=Homo sapiens OX=9606 GN=MYH1 PE=1 SV=3	26105.2	24433.6	16154.9	19599.8	19366.1
Human_swiss_sp|P12883|MYH7_HUMAN Myosin-7 OS=Homo sapiens OX=9606 GN=MYH7 PE=1 SV=5	46876.4	86257.6	40644.7	73587	57877.2
Human_swiss_sp|P13645|K1C10_HUMAN Keratin, type I cytoskeletal 10 OS=Homo sapiens OX=9606 GN=KRT10 PE=1 SV=6	6826.83	21941.7	127512	18849.4	14291.2
Human_swiss_sp|P13647|K2C5_HUMAN Keratin, type II cytoskeletal 5 OS=Homo sapiens OX=9606 GN=KRT5 PE=1 SV=3	NA	NA	45676.4	NA	3358.42
Human_swiss_sp|P13688|CEAM1_HUMAN Carcinoembryonic antigen-related cell adhesion molecule 1 OS=Homo sapiens OX=9606 GN=CEACAM1 PE=1 SV=2	88278.6	161317	123310	128039	146080
Human_swiss_sp|P13727|PRG2_HUMAN Bone marrow proteoglycan OS=Homo sapiens OX=9606 GN=PRG2 PE=1 SV=2	23922.1	44273	31816.6	NA	32008.8
Human_swiss_sp|P14410|SUIS_HUMAN Sucrase-isomaltase, intestinal OS=Homo sapiens OX=9606 GN=SI PE=1 SV=6	22984.1	34372.6	33824.9	21902	27557.6
Human_swiss_sp|P14555|PA2GA_HUMAN Phospholipase A2, membrane associated OS=Homo sapiens OX=9606 GN=PLA2G2A PE=1 SV=2	18897.5	68088.4	39464.9	12542.9	69339.5
Human_swiss_sp|P14618|KPYM_HUMAN Pyruvate kinase PKM OS=Homo sapiens OX=9606 GN=PKM PE=1 SV=4	20091.4	19099.6	8720.24	8420.31	7616.78
Human_swiss_sp|P15085|CBPA1_HUMAN Carboxypeptidase A1 OS=Homo sapiens OX=9606 GN=CPA1 PE=1 SV=2	385848	110180	997770	234148	4.12656e+06
Human_swiss_sp|P15086|CBPB1_HUMAN Carboxypeptidase B OS=Homo sapiens OX=9606 GN=CPB1 PE=1 SV=4	2.63008e+06	895671	4.5472e+06	1.29725e+07	1.03686e+07
Human_swiss_sp|P15144|AMPN_HUMAN Aminopeptidase N OS=Homo sapiens OX=9606 GN=ANPEP PE=1 SV=4	57845.2	95458	256449	165490	608343
Human_swiss_sp|P15311|EZRI_HUMAN Ezrin OS=Homo sapiens OX=9606 GN=EZR PE=1 SV=4	28186.4	68099.2	20170	33561.4	46281.4
Human_swiss_sp|P15531|NDKA_HUMAN Nucleoside diphosphate kinase A OS=Homo sapiens OX=9606 GN=NME1 PE=1 SV=1	NA	5050.07	5699.95	8079.15	3782.63
Human_swiss_sp|P15814|IGLL1_HUMAN Immunoglobulin lambda-like polypeptide 1 OS=Homo sapiens OX=9606 GN=IGLL1 PE=1 SV=1	NA	30278.6	NA	13426.7	43283.3
Human_swiss_sp|P15880|RS2_HUMAN 40S ribosomal protein S2 OS=Homo sapiens OX=9606 GN=RPS2 PE=1 SV=2	108605	NA	115033	13159.8	NA
Human_swiss_sp|P15941|MUC1_HUMAN Mucin-1 OS=Homo sapiens OX=9606 GN=MUC1 PE=1 SV=3	NA	4513.57	NA	5072.69	6380.21
Human_swiss_sp|P16233|LIPP_HUMAN Pancreatic triacylglycerol lipase OS=Homo sapiens OX=9606 GN=PNLIP PE=1 SV=1	44089	40808.7	161946	27559	128192
Human_swiss_sp|P16444|DPEP1_HUMAN Dipeptidase 1 OS=Homo sapiens OX=9606 GN=DPEP1 PE=1 SV=3	166415	218096	181447	121096	403711
Human_swiss_sp|P16671|CD36_HUMAN Platelet glycoprotein 4 OS=Homo sapiens OX=9606 GN=CD36 PE=1 SV=2	NA	7490.68	10458.2	11464.8	3486.07
Human_swiss_sp|P17538|CTRB1_HUMAN Chymotrypsinogen B OS=Homo sapiens OX=9606 GN=CTRB1 PE=2 SV=2	157415	151916	312663	112957	406969
Human_swiss_sp|P19237|TNNI1_HUMAN Troponin I, slow skeletal muscle OS=Homo sapiens OX=9606 GN=TNNI1 PE=1 SV=3	39370.1	63265.9	47444.4	41678.2	24864.9
Human_swiss_sp|P19835|CEL_HUMAN Bile salt-activated lipase OS=Homo sapiens OX=9606 GN=CEL PE=1 SV=3	72556.4	54827.2	55851.4	8922.61	254855
Human_swiss_sp|P20160|CAP7_HUMAN Azurocidin OS=Homo sapiens OX=9606 GN=AZU1 PE=1 SV=3	25225.6	121892	60135.6	239404	24699.1
Human_swiss_sp|P20339|RAB5A_HUMAN Ras-related protein Rab-5A OS=Homo sapiens OX=9606 GN=RAB5A PE=1 SV=2	28831.3	19775.8	NA	NA	30574.9
Human_swiss_sp|P21589|5NTD_HUMAN 5'-nucleotidase OS=Homo sapiens OX=9606 GN=NT5E PE=1 SV=1	5579.47	8622.65	9447.67	10921.1	6960.08
Human_swiss_sp|P21796|VDAC1_HUMAN Voltage-dependent anion-selective channel protein 1 OS=Homo sapiens OX=9606 GN=VDAC1 PE=1 SV=2	14194.7	8786	5602.08	10380.3	4613.96
Human_swiss_sp|P22531|SPR2E_HUMAN Small proline-rich protein 2E OS=Homo sapiens OX=9606 GN=SPRR2E PE=2 SV=2	NA	NA	NA	NA	25124.6
Human_swiss_sp|P22748|CAH4_HUMAN Carbonic anhydrase 4 OS=Homo sapiens OX=9606 GN=CA4 PE=1 SV=2	12359	15553.4	19493.1	18853.5	39024.5
Human_swiss_sp|P24855|DNAS1_HUMAN Deoxyribonuclease-1 OS=Homo sapiens OX=9606 GN=DNASE1 PE=1 SV=1	1505.73	6066.72	NA	NA	NA
Human_swiss_sp|P25311|ZA2G_HUMAN Zinc-alpha-2-glycoprotein OS=Homo sapiens OX=9606 GN=AZGP1 PE=1 SV=2	32105.7	57152.9	40233.9	177074	69207.6
Human_swiss_sp|P25705|ATPA_HUMAN ATP synthase subunit alpha, mitochondrial OS=Homo sapiens OX=9606 GN=ATP5F1A PE=1 SV=1	56061.7	141698	57138.1	95806.2	36014.7
Human_swiss_sp|P27487|DPP4_HUMAN Dipeptidyl peptidase 4 OS=Homo sapiens OX=9606 GN=DPP4 PE=1 SV=2	100198	125473	102711	70927.4	100881
Human_swiss_sp|P28799|GRN_HUMAN Progranulin OS=Homo sapiens OX=9606 GN=GRN PE=1 SV=2	NA	3452.45	NA	4421.12	22866.7
Human_swiss_sp|P28838|AMPL_HUMAN Cytosol aminopeptidase OS=Homo sapiens OX=9606 GN=LAP3 PE=1 SV=3	NA	NA	19428.3	8782.14	NA
Human_swiss_sp|P29992|GNA11_HUMAN Guanine nucleotide-binding protein subunit alpha-11 OS=Homo sapiens OX=9606 GN=GNA11 PE=1 SV=2	NA	10382.3	NA	9773.09	15166.7
Human_swiss_sp|P30740|ILEU_HUMAN Leukocyte elastase inhibitor OS=Homo sapiens OX=9606 GN=SERPINB1 PE=1 SV=1	49923.3	96156.9	62168.7	46363.4	75067.4
Human_swiss_sp|P31415|CASQ1_HUMAN Calsequestrin-1 OS=Homo sapiens OX=9606 GN=CASQ1 PE=1 SV=3	26562.8	15171.9	12000.4	9434.37	9121.23
Human_swiss_sp|P35237|SPB6_HUMAN Serpin B6 OS=Homo sapiens OX=9606 GN=SERPINB6 PE=1 SV=3	307473	529550	391641	173494	329372
Human_swiss_sp|P35527|K1C9_HUMAN Keratin, type I cytoskeletal 9 OS=Homo sapiens OX=9606 GN=KRT9 PE=1 SV=3	NA	NA	11855.4	NA	NA
Human_swiss_sp|P35555|FBN1_HUMAN Fibrillin-1 OS=Homo sapiens OX=9606 GN=FBN1 PE=1 SV=4	6244.43	NA	NA	NA	NA
Human_swiss_sp|P35749|MYH11_HUMAN Myosin-11 OS=Homo sapiens OX=9606 GN=MYH11 PE=1 SV=3	NA	19465.5	NA	NA	NA
Human_swiss_sp|P35908|K22E_HUMAN Keratin, type II cytoskeletal 2 epidermal OS=Homo sapiens OX=9606 GN=KRT2 PE=1 SV=2	NA	13240.8	104954	17264.7	10353.8
Human_swiss_sp|P40199|CEAM6_HUMAN Carcinoembryonic antigen-related cell adhesion molecule 6 OS=Homo sapiens OX=9606 GN=CEACAM6 PE=1 SV=3	38064	59514	21245.3	55504.9	77062.9
Human_swiss_sp|P48052|CBPA2_HUMAN Carboxypeptidase A2 OS=Homo sapiens OX=9606 GN=CPA2 PE=1 SV=3	15638.2	15050.8	71476.4	21292.4	294001
Human_swiss_sp|P48735|IDHP_HUMAN Isocitrate dehydrogenase [NADP], mitochondrial OS=Homo sapiens OX=9606 GN=IDH2 PE=1 SV=2	6971.33	4648.76	4696.94	3846.94	5507.81
Human_swiss_sp|P50395|GDIB_HUMAN Rab GDP dissociation inhibitor beta OS=Homo sapiens OX=9606 GN=GDI2 PE=1 SV=2	NA	3650.18	NA	NA	2605.16
Human_swiss_sp|P50995|ANX11_HUMAN Annexin A11 OS=Homo sapiens OX=9606 GN=ANXA11 PE=1 SV=1	26429.4	42123.3	38198.1	24304.2	48314.3
Human_swiss_sp|P51648|AL3A2_HUMAN Aldehyde dehydrogenase family 3 member A2 OS=Homo sapiens OX=9606 GN=ALDH3A2 PE=1 SV=1	3377.06	NA	8041.47	4788.8	3999.93
Human_swiss_sp|P53801|PTTG_HUMAN Pituitary tumor-transforming gene 1 protein-interacting protein OS=Homo sapiens OX=9606 GN=PTTG1IP PE=1 SV=1	7097.06	17220.4	15604.3	6198.43	39164.9
Human_swiss_sp|P55259|GP2_HUMAN Pancreatic secretory granule membrane major glycoprotein GP2 OS=Homo sapiens OX=9606 GN=GP2 PE=1 SV=3	825489	11566.5	1.26518e+06	482598	980616
Human_swiss_sp|P56470|LEG4_HUMAN Galectin-4 OS=Homo sapiens OX=9606 GN=LGALS4 PE=1 SV=1	39153.7	45573.2	51508.4	45443.8	52078.8
Human_swiss_sp|P59665|DEF1_HUMAN Neutrophil defensin 1 OS=Homo sapiens OX=9606 GN=DEFA1 PE=1 SV=1	14974.9	18679.1	35089.5	24245.9	66531.7
Human_swiss_sp|P60174|TPIS_HUMAN Triosephosphate isomerase OS=Homo sapiens OX=9606 GN=TPI1 PE=1 SV=4	47142.1	23599.2	44449.3	30994.1	49803.5
Human_swiss_sp|P60709|ACTB_HUMAN Actin, cytoplasmic 1 OS=Homo sapiens OX=9606 GN=ACTB PE=1 SV=1	NA	6802.66	5842.5	6087.22	5622.46
Human_swiss_sp|P61026|RAB10_HUMAN Ras-related protein Rab-10 OS=Homo sapiens OX=9606 GN=RAB10 PE=1 SV=1	NA	8474.67	NA	NA	8364.63
Human_swiss_sp|P61224|RAP1B_HUMAN Ras-related protein Rap-1b OS=Homo sapiens OX=9606 GN=RAP1B PE=1 SV=1	NA	9704.81	NA	11042.5	6191.1
Human_swiss_sp|P62241|RS8_HUMAN 40S ribosomal protein S8 OS=Homo sapiens OX=9606 GN=RPS8 PE=1 SV=2	12526.1	13078	NA	NA	NA
Human_swiss_sp|P62263|RS14_HUMAN 40S ribosomal protein S14 OS=Homo sapiens OX=9606 GN=RPS14 PE=1 SV=3	12621	NA	6247.86	NA	4487.97
Human_swiss_sp|P62491|RB11A_HUMAN Ras-related protein Rab-11A OS=Homo sapiens OX=9606 GN=RAB11A PE=1 SV=3	7760.21	14303.2	7880.89	8883.74	12287.7
Human_swiss_sp|P62736|ACTA_HUMAN Actin, aortic smooth muscle OS=Homo sapiens OX=9606 GN=ACTA2 PE=1 SV=1	NA	8185.37	6724.49	NA	5475.85
Human_swiss_sp|P62805|H4_HUMAN Histone H4 OS=Homo sapiens OX=9606 GN=H4C1 PE=1 SV=2	1.34846e+06	1.05825e+06	598080	480359	536406
Human_swiss_sp|P62937|PPIA_HUMAN Peptidyl-prolyl cis-trans isomerase A OS=Homo sapiens OX=9606 GN=PPIA PE=1 SV=2	NA	NA	NA	NA	6658.69
Human_swiss_sp|P63316|TNNC1_HUMAN Troponin C, slow skeletal and cardiac muscles OS=Homo sapiens OX=9606 GN=TNNC1 PE=1 SV=1	NA	21941.6	11267.3	30059.2	31563.5
Human_swiss_sp|P68363|TBA1B_HUMAN Tubulin alpha-1B chain OS=Homo sapiens OX=9606 GN=TUBA1B PE=1 SV=1	NA	NA	NA	NA	5728.6
Human_swiss_sp|P68871|HBB_HUMAN Hemoglobin subunit beta OS=Homo sapiens OX=9606 GN=HBB PE=1 SV=2	NA	9225.21	NA	26689.7	NA
Human_swiss_sp|P69905|HBA_HUMAN Hemoglobin subunit alpha OS=Homo sapiens OX=9606 GN=HBA1 PE=1 SV=2	596584	103401	54218.7	112555	104523
Human_swiss_sp|P80188|NGAL_HUMAN Neutrophil gelatinase-associated lipocalin OS=Homo sapiens OX=9606 GN=LCN2 PE=1 SV=2	104206	314982	192709	187348	99304.4
Human_swiss_sp|P98073|ENTK_HUMAN Enteropeptidase OS=Homo sapiens OX=9606 GN=TMPRSS15 PE=1 SV=3	31371	53467.4	36846	32082.6	29764.2
Human_swiss_sp|P98088|MUC5A_HUMAN Mucin-5AC OS=Homo sapiens OX=9606 GN=MUC5AC PE=1 SV=4	28214.9	34065.8	27915.8	36283.9	33433.2
Human_swiss_sp|Q00872|MYPC1_HUMAN Myosin-binding protein C, slow-type OS=Homo sapiens OX=9606 GN=MYBPC1 PE=1 SV=2	33031	45181	23801.6	33329.6	21671.6
Human_swiss_sp|Q02817|MUC2_HUMAN Mucin-2 OS=Homo sapiens OX=9606 GN=MUC2 PE=1 SV=2	451839	466860	550994	481340	347343
Human_swiss_sp|Q03154|ACY1_HUMAN Aminoacylase-1 OS=Homo sapiens OX=9606 GN=ACY1 PE=1 SV=1	16051	16610.7	32669	9895.78	37248.9
Human_swiss_sp|Q03403|TFF2_HUMAN Trefoil factor 2 OS=Homo sapiens OX=9606 GN=TFF2 PE=1 SV=2	135216	273674	168097	13419.6	3.552e+06
Human_swiss_sp|Q04609|FOLH1_HUMAN Glutamate carboxypeptidase 2 OS=Homo sapiens OX=9606 GN=FOLH1 PE=1 SV=1	5543.43	8953.44	9550.05	10940.3	5721.35
Human_swiss_sp|Q05639|EF1A2_HUMAN Elongation factor 1-alpha 2 OS=Homo sapiens OX=9606 GN=EEF1A2 PE=1 SV=1	20811	16027.7	11577.3	13231.4	18346.2
Human_swiss_sp|Q07837|SLC31_HUMAN Neutral and basic amino acid transport protein rBAT OS=Homo sapiens OX=9606 GN=SLC3A1 PE=1 SV=2	10634	23325.8	36943.1	11711.9	56123.4
Human_swiss_sp|Q08043|ACTN3_HUMAN Alpha-actinin-3 OS=Homo sapiens OX=9606 GN=ACTN3 PE=1 SV=2	15017.3	18157.7	27302.2	NA	6633.46
Human_swiss_sp|Q08380|LG3BP_HUMAN Galectin-3-binding protein OS=Homo sapiens OX=9606 GN=LGALS3BP PE=1 SV=1	68521	109310	97469.8	80555.9	48864.5
Human_swiss_sp|Q10588|BST1_HUMAN ADP-ribosyl cyclase/cyclic ADP-ribose hydrolase 2 OS=Homo sapiens OX=9606 GN=BST1 PE=1 SV=2	8435.84	10586.8	9921.36	6010.43	NA
Human_swiss_sp|Q12864|CAD17_HUMAN Cadherin-17 OS=Homo sapiens OX=9606 GN=CDH17 PE=1 SV=3	NA	13669.4	28041.8	12594.2	25147.6
Human_swiss_sp|Q12929|EPS8_HUMAN Epidermal growth factor receptor kinase substrate 8 OS=Homo sapiens OX=9606 GN=EPS8 PE=1 SV=1	NA	15195.1	NA	NA	13687.5
Human_swiss_sp|Q13228|SBP1_HUMAN Methanethiol oxidase OS=Homo sapiens OX=9606 GN=SELENBP1 PE=1 SV=2	37889.7	34803.8	26132.2	30121.7	23935.1
Human_swiss_sp|Q13232|NDK3_HUMAN Nucleoside diphosphate kinase 3 OS=Homo sapiens OX=9606 GN=NME3 PE=1 SV=2	NA	NA	NA	NA	96421.9
Human_swiss_sp|Q13642|FHL1_HUMAN Four and a half LIM domains protein 1 OS=Homo sapiens OX=9606 GN=FHL1 PE=1 SV=4	77379.1	193294	99504.2	42277.4	89422.6
Human_swiss_sp|Q14002|CEAM7_HUMAN Carcinoembryonic antigen-related cell adhesion molecule 7 OS=Homo sapiens OX=9606 GN=CEACAM7 PE=1 SV=1	49232	66119.4	24580	9090.15	56805.1
Human_swiss_sp|Q14315|FLNC_HUMAN Filamin-C OS=Homo sapiens OX=9606 GN=FLNC PE=1 SV=3	4431.67	NA	2821.68	5604.72	NA
Human_swiss_sp|Q14CN2|CLCA4_HUMAN Calcium-activated chloride channel regulator 4 OS=Homo sapiens OX=9606 GN=CLCA4 PE=1 SV=2	12240.3	5429.33	11291.4	15798.5	15109.2
Human_swiss_sp|Q16651|PRSS8_HUMAN Prostasin OS=Homo sapiens OX=9606 GN=PRSS8 PE=1 SV=1	5793.02	NA	4080.06	5996.42	4058.7
Human_swiss_sp|Q16819|MEP1A_HUMAN Meprin A subunit alpha OS=Homo sapiens OX=9606 GN=MEP1A PE=1 SV=2	150759	729411	307668	1.02793e+06	114908
Human_swiss_sp|Q16820|MEP1B_HUMAN Meprin A subunit beta OS=Homo sapiens OX=9606 GN=MEP1B PE=1 SV=3	33126.2	39242.8	31641.2	74576.8	28268.9
Human_swiss_sp|Q5JS37|NHLC3_HUMAN NHL repeat-containing protein 3 OS=Homo sapiens OX=9606 GN=NHLRC3 PE=2 SV=1	NA	6655.52	3989.85	4862.63	6134.79
Human_swiss_sp|Q5T2W1|NHRF3_HUMAN Na(+)/H(+) exchange regulatory cofactor NHE-RF3 OS=Homo sapiens OX=9606 GN=PDZK1 PE=1 SV=2	NA	NA	NA	NA	6798.03
Human_swiss_sp|Q6P4A8|PLBL1_HUMAN Phospholipase B-like 1 OS=Homo sapiens OX=9606 GN=PLBD1 PE=1 SV=2	10472.8	23391.8	15048.6	11959.9	12024.5
Human_swiss_sp|Q6PIF6|MYO7B_HUMAN Unconventional myosin-VIIb OS=Homo sapiens OX=9606 GN=MYO7B PE=1 SV=2	NA	NA	NA	NA	2051.86
Human_swiss_sp|Q6UWM9|UD2A3_HUMAN UDP-glucuronosyltransferase 2A3 OS=Homo sapiens OX=9606 GN=UGT2A3 PE=2 SV=2	NA	NA	NA	NA	3807.74
Human_swiss_sp|Q6UWP2|DHR11_HUMAN Dehydrogenase/reductase SDR family member 11 OS=Homo sapiens OX=9606 GN=DHRS11 PE=1 SV=1	NA	NA	NA	NA	19042.2
Human_swiss_sp|Q6UWV6|ENPP7_HUMAN Ectonucleotide pyrophosphatase/phosphodiesterase family member 7 OS=Homo sapiens OX=9606 GN=ENPP7 PE=1 SV=3	219257	230824	364305	236246	282324
Human_swiss_sp|Q6UX06|OLFM4_HUMAN Olfactomedin-4 OS=Homo sapiens OX=9606 GN=OLFM4 PE=1 SV=1	12587	12246.7	14319.7	23678.6	10104
Human_swiss_sp|Q6W4X9|MUC6_HUMAN Mucin-6 OS=Homo sapiens OX=9606 GN=MUC6 PE=1 SV=3	6019.73	NA	13395.1	NA	24269.8
Human_swiss_sp|Q7L5L3|GDPD3_HUMAN Lysophospholipase D GDPD3 OS=Homo sapiens OX=9606 GN=GDPD3 PE=1 SV=3	11335.8	10268.3	8428.31	NA	10562.9
Human_swiss_sp|Q86UP6|CUZD1_HUMAN CUB and zona pellucida-like domain-containing protein 1 OS=Homo sapiens OX=9606 GN=CUZD1 PE=2 SV=1	358939	172888	284284	243980	323548
Human_swiss_sp|Q86Y39|NDUAB_HUMAN NADH dehydrogenase [ubiquinone] 1 alpha subcomplex subunit 11 OS=Homo sapiens OX=9606 GN=NDUFA11 PE=1 SV=3	NA	5224.97	NA	NA	5755.47
Human_swiss_sp|Q86YZ3|HORN_HUMAN Hornerin OS=Homo sapiens OX=9606 GN=HRNR PE=1 SV=2	NA	NA	5491.87	NA	NA
Human_swiss_sp|Q8IVL8|CBPO_HUMAN Carboxypeptidase O OS=Homo sapiens OX=9606 GN=CPO PE=1 SV=1	17934	27576.3	10316.5	15447.6	33149.2
Human_swiss_sp|Q8TE67|ES8L3_HUMAN Epidermal growth factor receptor kinase substrate 8-like protein 3 OS=Homo sapiens OX=9606 GN=EPS8L3 PE=1 SV=2	NA	NA	NA	NA	31600.1
Human_swiss_sp|Q8WUM4|PDC6I_HUMAN Programmed cell death 6-interacting protein OS=Homo sapiens OX=9606 GN=PDCD6IP PE=1 SV=1	NA	15181.7	7425.39	NA	15508.2
Human_swiss_sp|Q8WWA0|ITLN1_HUMAN Intelectin-1 OS=Homo sapiens OX=9606 GN=ITLN1 PE=1 SV=1	462677	840909	848717	1.1758e+06	1.01794e+06
Human_swiss_sp|Q8WWH5|TRUB1_HUMAN Probable tRNA pseudouridine synthase 1 OS=Homo sapiens OX=9606 GN=TRUB1 PE=1 SV=1	NA	NA	NA	NA	2139.38
Human_swiss_sp|Q8WWU7|ITLN2_HUMAN Intelectin-2 OS=Homo sapiens OX=9606 GN=ITLN2 PE=2 SV=1	464838	1.23487e+06	692634	371865	1.59242e+06
Human_swiss_sp|Q8WZ42|TITIN_HUMAN Titin OS=Homo sapiens OX=9606 GN=TTN PE=1 SV=4	17914.1	5875.5	19350.8	22791.1	1402.41
Human_swiss_sp|Q92485|ASM3B_HUMAN Acid sphingomyelinase-like phosphodiesterase 3b OS=Homo sapiens OX=9606 GN=SMPDL3B PE=1 SV=2	12776.2	17689.1	NA	8132.75	29041.6
Human_swiss_sp|Q92542|NICA_HUMAN Nicastrin OS=Homo sapiens OX=9606 GN=NCSTN PE=1 SV=2	6099.96	9619.84	7471.87	3546.04	5560.81
Human_swiss_sp|Q92820|GGH_HUMAN Gamma-glutamyl hydrolase OS=Homo sapiens OX=9606 GN=GGH PE=1 SV=2	3963.08	4779.69	3330.4	10013.1	NA
Human_swiss_sp|Q969X1|LFG3_HUMAN Protein lifeguard 3 OS=Homo sapiens OX=9606 GN=TMBIM1 PE=1 SV=2	NA	8752.87	NA	NA	13982.6
Human_swiss_sp|Q96JP2|MY15B_HUMAN Unconventional myosin-XVB OS=Homo sapiens OX=9606 GN=MYO15B PE=1 SV=3	NA	NA	NA	NA	5220.48
Human_swiss_sp|Q99102|MUC4_HUMAN Mucin-4 OS=Homo sapiens OX=9606 GN=MUC4 PE=1 SV=5	NA	NA	NA	NA	10740.3
Human_swiss_sp|Q99828|CIB1_HUMAN Calcium and integrin-binding protein 1 OS=Homo sapiens OX=9606 GN=CIB1 PE=1 SV=4	NA	NA	4391.43	5473.62	8312.25
Human_swiss_sp|Q99895|CTRC_HUMAN Chymotrypsin-C OS=Homo sapiens OX=9606 GN=CTRC PE=1 SV=2	3.22721e+06	2.84744e+06	2.70115e+06	3.50953e+06	2.57732e+06
Human_swiss_sp|Q9BS40|LXN_HUMAN Latexin OS=Homo sapiens OX=9606 GN=LXN PE=1 SV=2	4602.26	3729.64	NA	3855.59	3898.57
Human_swiss_sp|Q9BYE9|CDHR2_HUMAN Cadherin-related family member 2 OS=Homo sapiens OX=9606 GN=CDHR2 PE=1 SV=2	418628	413786	300335	723236	77538.1
Human_swiss_sp|Q9BYF1|ACE2_HUMAN Angiotensin-converting enzyme 2 OS=Homo sapiens OX=9606 GN=ACE2 PE=1 SV=2	12045.8	NA	20323.5	NA	5792.16
Human_swiss_sp|Q9H3R2|MUC13_HUMAN Mucin-13 OS=Homo sapiens OX=9606 GN=MUC13 PE=1 SV=3	189542	360428	428356	195187	1.15064e+06
Human_swiss_sp|Q9HAT2|SIAE_HUMAN Sialate O-acetylesterase OS=Homo sapiens OX=9606 GN=SIAE PE=1 SV=1	11792.9	16226.9	15596.7	NA	9676.1
Human_swiss_sp|Q9HBB8|CDHR5_HUMAN Cadherin-related family member 5 OS=Homo sapiens OX=9606 GN=CDHR5 PE=1 SV=3	68249.5	167664	296243	94237.6	88486.1
Human_swiss_sp|Q9HC84|MUC5B_HUMAN Mucin-5B OS=Homo sapiens OX=9606 GN=MUC5B PE=1 SV=3	NA	10748.2	NA	NA	7688.27
Human_swiss_sp|Q9HD89|RETN_HUMAN Resistin OS=Homo sapiens OX=9606 GN=RETN PE=1 SV=1	16334.2	30498.3	NA	32794.6	25585.4
Human_swiss_sp|Q9UGM3|DMBT1_HUMAN Deleted in malignant brain tumors 1 protein OS=Homo sapiens OX=9606 GN=DMBT1 PE=1 SV=2	369577	1.02158e+06	919719	628966	2.14154e+06
Human_swiss_sp|Q9UKX2|MYH2_HUMAN Myosin-2 OS=Homo sapiens OX=9606 GN=MYH2 PE=1 SV=1	72651.4	87895.2	56797.9	45909.1	22446.7
Human_swiss_sp|Q9UQQ1|NALDL_HUMAN Aminopeptidase NAALADL1 OS=Homo sapiens OX=9606 GN=NAALADL1 PE=1 SV=2	15922.4	16003	13615	14122.4	28616.8
Human_swiss_sp|Q9Y277|VDAC3_HUMAN Voltage-dependent anion-selective channel protein 3 OS=Homo sapiens OX=9606 GN=VDAC3 PE=1 SV=1	10217.3	7247.07	9754.13	9287.81	6957.82
Human_swiss_sp|Q9Y281|COF2_HUMAN Cofilin-2 OS=Homo sapiens OX=9606 GN=CFL2 PE=1 SV=1	NA	8875.18	NA	5924.41	2297.78
Human_swiss_sp|Q9Y2Y8|PRG3_HUMAN Proteoglycan 3 OS=Homo sapiens OX=9606 GN=PRG3 PE=1 SV=2	6609.02	31763.1	24984	9752.66	47019.8
Human_swiss_sp|Q9Y3B3|TMED7_HUMAN Transmembrane emp24 domain-containing protein 7 OS=Homo sapiens OX=9606 GN=TMED7 PE=1 SV=2	8629.18	NA	5896.99	NA	4214.68
Human_swiss_sp|Q9Y623|MYH4_HUMAN Myosin-4 OS=Homo sapiens OX=9606 GN=MYH4 PE=2 SV=2	118806	170355	64131.2	72054.8	63618.8
Human_swiss_sp|Q9Y6R7|FCGBP_HUMAN IgGFc-binding protein OS=Homo sapiens OX=9606 GN=FCGBP PE=1 SV=3	1.11422e+06	1.16343e+06	861526	873598	1.05411e+06
